strain_name_nodup,ploidy,source_ploidy
1175,2n_het,known
1216,1-2n_hom,known
1235,2n_het,known
1560,2n_het,known
1663,2n_het,known
21-4-0101,2n_het,known
21-4-0103,2n_het,known
21-4-0105,2n_het,known
21-4-0111,1-2n_hom,known
21-4-0114,3n,known
21-4-0116,1-2n_hom,known
21-4-0122,1-2n_hom,known
21-4-0124,3n,known
21-4-0125,3n,known
21-4-99,2n_het,known
2162,1-2n_hom,known
2163,1-2n_hom,known
2187,1-2n_hom,known
2281,3n,known
2282,2n_het,known
2644,2n_het,known
2680,4n,known
269521J,2n_het,known
2698,2n_het,known
2720,2n_het,known
319-5C,2n_het,known
324-6C,2n_het,known
368428S,3n,known
384103A,2n_het,known
4LBI-3,1-2n_hom,known
5-2,2n_het,known
646-3B,2n_het,known
79,2n_het,known
8-15,2n_het,known
9-7,2n_het,known
906,2n_het,known
908,1-2n_hom,known
995,2n_het,known
997,2n_het,known
A-12,2n_het,known
A-14,2n_het,known
A-16,2n_het,known
A-18,4n,known
A-19,2n_het,known
A-9,1-2n_hom,known
AGME-5I,1-2n_hom,known
ATCC-38618:2-2,2n_het,known
ATCC-52922-1C,1-2n_hom,known
ATCC-66348-1D,1-2n_hom,known
AY529516,2n_het,known
B-11,1-2n_hom,known
B-13,1-2n_hom,known
B-17,1-2n_hom,known
B-24,2n_het,known
B-4,1-2n_hom,known
B1,2n_het,known
B10-1,2n_het,known
B9b-1,2n_het,known
B9c-1,2n_het,known
BJ20-2,1-2n_hom,known
BJ6-2,1-2n_hom,known
BMQ557,2n_het,known
Ba-215,1-2n_hom,known
C-12,1-2n_hom,known
C-3,1-2n_hom,known
C-6,1-2n_hom,known
C10.4,2n_het,known
C15.1,2n_het,known
C6.1,2n_het,known
CBS1171,4n,known
CBS1173,2n_het,known
CBS1175,2n_het,known
CBS1190,2n_het,known
CBS1192,1-2n_hom,known
CBS1194,1-2n_hom,known
CBS1196,2n_het,known
CBS1227-2,1-2n_hom,known
CBS1230,3n,known
CBS1236-a,2n_het,known
CBS1239,4n,known
CBS1250,1-2n_hom,known
CBS1252,1-2n_hom,known
CBS1254,4n,known
CBS1257,2n_het,known
CBS1385,2n_het,known
CBS1387,1-2n_hom,known
CBS1388a,1-2n_hom,known
CBS1394,2n_het,known
CBS1398,2n_het,known
CBS1419,1-2n_hom,known
CBS1428,1-2n_hom,known
CBS1460,1-2n_hom,known
CBS1463,1-2n_hom,known
CBS1464-2,4n,known
CBS1479,1-2n_hom,known
CBS1480,2n_het,known
CBS1487,2n_het,known
CBS1489-2,1-2n_hom,known
CBS1508,1-2n_hom,known
CBS1509,1-2n_hom,known
CBS1540,1-2n_hom,known
CBS1544,2n_het,known
CBS1576,1-2n_hom,known
CBS1582,1-2n_hom,known
CBS1586,1-2n_hom,known
CBS1590,1-2n_hom,known
CBS1592,2n_het,known
CBS1593,2n_het,known
CBS1594,1-2n_hom,known
CBS1602,2n_het,known
CBS1782,1-2n_hom,known
CBS2087,2n_het,known
CBS2165a,2n_het,known
CBS2180,1-2n_hom,known
CBS2183,1-2n_hom,known
CBS2188,2n_het,known
CBS2246,3n,known
CBS2247,1-2n_hom,known
CBS2270,2n_het,known
CBS2271,1-2n_hom,known
CBS2272,2n_het,known
CBS2361,1-2n_hom,known
CBS2421,2n_het,known
CBS2441,3n,known
CBS2444,2n_het,known
CBS2805,1-2n_hom,known
CBS2806a,1-2n_hom,known
CBS2807,1-2n_hom,known
CBS2808,2n_het,known
CBS2814,1-2n_hom,known
CBS2888-1b,1-2n_hom,known
CBS2909-2,2n_het,known
CBS2910-2,1-2n_hom,known
CBS2965,1-2n_hom,known
CBS2966a,1-2n_hom,known
CBS2970,2n_het,known
CBS2973,2n_het,known
CBS2992,1-2n_hom,known
CBS3000,1-2n_hom,known
CBS3012,1-2n_hom,known
CBS3013,1-2n_hom,known
CBS3078,1-2n_hom,known
CBS3081,1-2n_hom,known
CBS3093,1-2n_hom,known
CBS3093-1b,1-2n_hom,known
CBS382,3n,known
CBS400,1-2n_hom,known
CBS403,1-2n_hom,known
CBS4054,1-2n_hom,known
CBS4079,1-2n_hom,known
CBS4092,3n,known
CBS4093a,1-2n_hom,known
CBS420,2n_het,known
CBS422a,1-2n_hom,known
CBS423,2n_het,known
CBS4255,2n_het,known
CBS428a,1-2n_hom,known
CBS435,2n_het,known
CBS436a,1-2n_hom,known
CBS439,1-2n_hom,known
CBS440,1-2n_hom,known
CBS4454,2n_het,known
CBS4455,3n,known
CBS4456,2n_het,known
CBS4458,1-2n_hom,known
CBS4507,2n_het,known
CBS457,2n_het,known
CBS459,1-2n_hom,known
CBS462,2n_het,known
CBS4667,2n_het,known
CBS4734,1-2n_hom,known
CBS4903,2n_het,known
CBS5112,1-2n_hom,known
CBS5155,2n_het,known
CBS5378,2n_het,known
CBS5635,1-2n_hom,known
CBS5835,2n_het,known
CBS6006,2n_het,known
CBS6007,1-2n_hom,known
CBS6216,2n_het,known
CBS6223,1-2n_hom,known
CBS6308,2n_het,known
CBS6333,1-2n_hom,known
CBS6412,1-2n_hom,known
CBS6413,1-2n_hom,known
CBS6414,1-2n_hom,known
CBS6503,1-2n_hom,known
CBS6505,1-2n_hom,known
CBS6914,1-2n_hom,known
CBS7371,1-2n_hom,known
CBS7539,2n_het,known
CBS7764,2n_het,known
CBS7765,1-2n_hom,known
CBS7903,1-2n_hom,known
CBS7957,3n,known
CBS7958,1-2n_hom,known
CBS7959,2n_het,known
CBS7960,1-2n_hom,known
CBS7961,1-2n_hom,known
CBS7962,1-2n_hom,known
CBS7962-2,1-2n_hom,known
CBS7963,1-2n_hom,known
CBS7964,1-2n_hom,known
CBS7993,1-2n_hom,known
CBS8291,2n_het,known
CBS8292,2n_het,known
CCY-21-4-102,2n_het,known
CCY-21-4-106,4n,known
CCY-21-4-119,1-2n_hom,known
CCY-21-4-120,1-2n_hom,known
CCY-21-4-121,1-2n_hom,known
CCY-21-4-88,3n,known
CCY-21-4-89:7-3,1-2n_hom,known
CCY-21-4-93:6B,1-2n_hom,known
CCY-21-4-97,2n_het,known
CCY-21-4-98,2n_het,known
CD7-9Sv2,1-2n_hom,known
CECT10109-1b,1-2n_hom,known
CECT10120,2n_het,known
CECT10131,2n_het,known
CECT10171-5B,2n_het,known
CECT10266,1-2n_hom,known
CECT10266-2,1-2n_hom,known
CECT10331:9-1,1-2n_hom,known
CECT10351-1B,1-2n_hom,known
CECT10497,2n_het,known
CECT10711,2n_het,known
CECT10712,2n_het,known
CECT1462,4n,known
CECT1478,1-2n_hom,known
CEY615,2n_het,known
CEY616,2n_het,known
CEY617,2n_het,known
CEY618,2n_het,known
CEY619,2n_het,known
CEY620,2n_het,known
CEY621,2n_het,known
CEY622,2n_het,known
CEY623,2n_het,known
CEY624,2n_het,known
CEY625,2n_het,known
CEY646,2n_het,known
CEY647,2n_het,known
CEY649,2n_het,known
CEY650,2n_het,known
CEY651,2n_het,known
CEY652,2n_het,known
CEY653,2n_het,known
CH02,4n,known
CH06,5n,known
CH10,5n,known
CH11,5n,known
CH13,5n,known
CH14,5n,known
CLIB1040,2n_het,known
CLIB1059,2n_het,known
CLIB1060,2n_het,known
CLIB1062,1-2n_hom,known
CLIB1070,2n_het,known
CLIB1071,1-2n_hom,known
CLIB1071-2,1-2n_hom,known
CLIB1072,2n_het,known
CLIB1077,2n_het,known
CLIB1082,2n_het,known
CLIB1083,1-2n_hom,known
CLIB1085,2n_het,known
CLIB1410,1-2n_hom,known
CLIB1411,2n_het,known
CLIB1412,2n_het,known
CLIB1413,2n_het,known
CLIB1414,2n_het,known
CLIB154-1b,1-2n_hom,known
CLIB192-1b,1-2n_hom,known
CLIB208-1,2n_het,known
CLIB219-2b,1-2n_hom,known
CLIB227,4n,known
CLIB272-2,1-2n_hom,known
CLIB274-1,2n_het,known
CLIB294-1b,1-2n_hom,known
CLIB318-1,2n_het,known
CLIB324-2,2n_het,known
CLIB324-2-2,2n_het,known
CLIB326-1,2n_het,known
CLIB340,2n_het,known
CLIB382-1b,1-2n_hom,known
CLIB409,3n,known
CLIB413,2n_het,known
CLIB413-1b,1-2n_hom,known
CLIB414,1-2n_hom,known
CLIB415,1-2n_hom,known
CLIB483-1b,1-2n_hom,known
CLIB484,1-2n_hom,known
CLIB485,1-2n_hom,known
CLIB546,2n_het,known
CLIB547,2n_het,known
CLIB548,2n_het,known
CLIB549,2n_het,known
CLIB550,2n_het,known
CLIB551,2n_het,known
CLIB552,2n_het,known
CLIB553,2n_het,known
CLIB554,2n_het,known
CLIB555,2n_het,known
CLIB556,2n_het,known
CLIB557,2n_het,known
CLIB558,2n_het,known
CLIB559,2n_het,known
CLIB560,2n_het,known
CLIB561,2n_het,known
CLIB562,2n_het,known
CLIB563,2n_het,known
CLIB564,2n_het,known
CLIB630,2n_het,known
CLIB630-2,2n_het,known
CLIB631,2n_het,known
CLIB648,2n_het,known
CLIB649,2n_het,known
CLIB650,3n,known
CLIB651,4n,known
CLIB653,4n,known
CLIB654,3n,known
CLIB655,3n,known
CLIB889,2n_het,known
CLQCA-02-003,1-2n_hom,known
CLQCA-04-021,1-2n_hom,known
CLQCA-05-006,2n_het,known
CLQCA-05-006-2,2n_het,known
CLQCA-09-001,1-2n_hom,known
CLQCA-10-003,2n_het,known
CLQCA-10-027,1-2n_hom,known
CLQCA-10-386,2n_het,known
CLQCA-10-619,2n_het,known
CLQCA-10-620,2n_het,known
CLQCA-11-024,2n_het,known
CLQCA-13-023,2n_het,known
CLQCA-17-060,1-2n_hom,known
CLQCA-17-111,3n,known
CLQCA-18-003,1-2n_hom,known
CLQCA-19-011,2n_het,known
CLQCA-20-060,2n_het,known
CLQCA-20-156,1-2n_hom,known
CLQCA-20-184,1-2n_hom,known
CLQCA-20-221,1-2n_hom,known
CLQCA-20-246,1-2n_hom,known
CLQCA-20-248,1-2n_hom,known
CLQCA-20-259,1-2n_hom,known
CLQCA-20-314,1-2n_hom,known
CLQCA-24SC-235,2n_het,known
Ca6,1-2n_hom,known
D-1,2n_het,known
D-18,1-2n_hom,known
D-21,2n_het,known
D-4,2n_het,known
D3742,2n_het,known
DBVPG1014,1-2n_hom,known
DBVPG1029,1-2n_hom,known
DBVPG1041,1-2n_hom,known
DBVPG1056,1-2n_hom,known
DBVPG1057,2n_het,known
DBVPG1058,1-2n_hom,known
DBVPG1074,2n_het,known
DBVPG1076,1-2n_hom,known
DBVPG1078,1-2n_hom,known
DBVPG1080,1-2n_hom,known
DBVPG1085,3n,known
DBVPG1105,2n_het,known
DBVPG1106,1-2n_hom,known
DBVPG1107,1-2n_hom,known
DBVPG1108,1-2n_hom,known
DBVPG1122,1-2n_hom,known
DBVPG1123,1-2n_hom,known
DBVPG1125,1-2n_hom,known
DBVPG1126,1-2n_hom,known
DBVPG1127,2n_het,known
DBVPG1129,1-2n_hom,known
DBVPG1145,1-2n_hom,known
DBVPG1163,1-2n_hom,known
DBVPG1339,2n_het,known
DBVPG1339-1b,1-2n_hom,known
DBVPG1374,2n_het,known
DBVPG1380,1-2n_hom,known
DBVPG1473,2n_het,known
DBVPG1490,2n_het,known
DBVPG1523,1-2n_hom,known
DBVPG1554,1-2n_hom,known
DBVPG1555,2n_het,known
DBVPG1564,1-2n_hom,known
DBVPG1577,2n_het,known
DBVPG1580,1-2n_hom,known
DBVPG1581,2n_het,known
DBVPG1584,2n_het,known
DBVPG1594,1-2n_hom,known
DBVPG1595,2n_het,known
DBVPG1596,1-2n_hom,known
DBVPG1599,1-2n_hom,known
DBVPG1601,1-2n_hom,known
DBVPG1606,2n_het,known
DBVPG1608,1-2n_hom,known
DBVPG1611,1-2n_hom,known
DBVPG1615,2n_het,known
DBVPG1616-1D,1-2n_hom,known
DBVPG1617-5A,1-2n_hom,known
DBVPG1619-4B,1-2n_hom,known
DBVPG1620-1A,1-2n_hom,known
DBVPG1621-5A,1-2n_hom,known
DBVPG1622-8B,1-2n_hom,known
DBVPG1625,2n_het,known
DBVPG1626,1-2n_hom,known
DBVPG1629,2n_het,known
DBVPG1631,1-2n_hom,known
DBVPG1632,2n_het,known
DBVPG1656,1-2n_hom,known
DBVPG1659,2n_het,known
DBVPG1661,2n_het,known
DBVPG1669,2n_het,known
DBVPG1685,1-2n_hom,known
DBVPG1699,1-2n_hom,known
DBVPG1701,1-2n_hom,known
DBVPG1708,2n_het,known
DBVPG1711,1-2n_hom,known
DBVPG1712,1-2n_hom,known
DBVPG1714,2n_het,known
DBVPG1719,1-2n_hom,known
DBVPG1725,1-2n_hom,known
DBVPG1772,1-2n_hom,known
DBVPG1788-1b,1-2n_hom,known
DBVPG1790,1-2n_hom,known
DBVPG1792,2n_het,known
DBVPG1794-1b,1-2n_hom,known
DBVPG1795,1-2n_hom,known
DBVPG1798,1-2n_hom,known
DBVPG1832,2n_het,known
DBVPG1841,2n_het,known
DBVPG1843,2n_het,known
DBVPG1848,2n_het,known
DBVPG1861,2n_het,known
DBVPG1878,2n_het,known
DBVPG1880,2n_het,known
DBVPG1895,2n_het,known
DBVPG1898,1-2n_hom,known
DBVPG1918,1-2n_hom,known
DBVPG1919,3n,known
DBVPG1960,2n_het,known
DBVPG1973,2n_het,known
DBVPG1975,2n_het,known
DBVPG1976,1-2n_hom,known
DBVPG1978,2n_het,known
DBVPG1984,2n_het,known
DBVPG1994,1-2n_hom,known
DBVPG2049,2n_het,known
DBVPG2088,1-2n_hom,known
DBVPG2166,2n_het,known
DBVPG3022,1-2n_hom,known
DBVPG3051,2n_het,known
DBVPG3098,1-2n_hom,known
DBVPG3100,2n_het,known
DBVPG3591-1b,1-2n_hom,known
DBVPG3924,1-2n_hom,known
DBVPG4036,1-2n_hom,known
DBVPG4162,2n_het,known
DBVPG4186,1-2n_hom,known
DBVPG4297,1-2n_hom,known
DBVPG4317,2n_het,known
DBVPG4381,2n_het,known
DBVPG4410,2n_het,known
DBVPG4460,1-2n_hom,known
DBVPG4651,1-2n_hom,known
DBVPG4651-1b,1-2n_hom,known
DBVPG4686,2n_het,known
DBVPG4695,1-2n_hom,known
DBVPG4902,2n_het,known
DBVPG4905,1-2n_hom,known
DBVPG5760,2n_het,known
DBVPG5836,3n,known
DBVPG6044-3,1-2n_hom,known
DBVPG6223,1-2n_hom,known
DBVPG6295,1-2n_hom,known
DBVPG6302,1-2n_hom,known
DBVPG6350,2n_het,known
DBVPG6590,1-2n_hom,known
DBVPG6693,4n,known
DBVPG6694,4n,known
DBVPG6695,4n,known
DBVPG6696,2n_het,known
DBVPG6861,3n,known
DBVPG6874,2n_het,known
DBVPG6876,1-2n_hom,known
DBVPG6877,1-2n_hom,known
DBVPG6878,1-2n_hom,known
DBVPG6879,1-2n_hom,known
DBVPG6880,1-2n_hom,known
DJ65,3n,known
DJ66,3n,known
DJ68,3n,known
DJ70,3n,known
DJ71,3n,known
DJ73,3n,known
DJ74,2n_het,known
Dji2-2A(a),1-2n_hom,known
Dji2-2A(a)-2,1-2n_hom,known
E1-6,1-2n_hom,known
E4,2n_het,known
EM14S01-3B,1-2n_hom,known
EM93-3,1-2n_hom,known
EN14S01-2,1-2n_hom,known
ES2M03,1-2n_hom,known
ES2M03-7A,1-2n_hom,known
ES4M07,1-2n_hom,known
EXF-3387,2n_het,known
EXF-4126,2n_het,known
EXF-5042,2n_het,known
EXF-5046,2n_het,known
EXF-5247,1-2n_hom,known
EXF-5248,1-2n_hom,known
EXF-5284,1-2n_hom,known
EXF-5287,2n_het,known
EXF-5295,1-2n_hom,known
EXF-5297,1-2n_hom,known
EXF-5734,4n,known
EXF-5869,4n,known
EXF-5871,2n_het,known
EXF-6761,1-2n_hom,known
EXF-6780,1-2n_hom,known
EXF-6835,4n,known
EXF-7145,2n_het,known
EXF-7197,1-2n_hom,known
FIMA-3,1-2n_hom,known
FTPW3,2n_het,known
FTPW32,2n_het,known
FTPW35,2n_het,known
FTPW4,3n,known
GE14S01-7B,1-2n_hom,known
GE14S01-7B-2,1-2n_hom,known
HE001,2n_het,known
HE004,2n_het,known
HE005,2n_het,known
HE006,2n_het,known
HE007,2n_het,known
HE008,2n_het,known
HE009,2n_het,known
HE010,2n_het,known
HE011,2n_het,known
HE012,2n_het,known
HE013,2n_het,known
HE015,1-2n_hom,known
HE015-2,1-2n_hom,known
HE016,2n_het,known
HE020,2n_het,known
HN10-2,1-2n_hom,known
HN10-3,1-2n_hom,known
HN15-2,1-2n_hom,known
HN16-2,1-2n_hom,known
HN19-2,1-2n_hom,known
HN6-2,1-2n_hom,known
HN6-4,1-2n_hom,known
I14-1b,1-2n_hom,known
IFO-0289:4-3(b),1-2n_hom,known
IFO-0877:6-1,1-2n_hom,known
IL-01-b,1-2n_hom,known
IMB-53,1-2n_hom,known
IY-03-5-26-5-1-1-(1),1-2n_hom,known
IY-03-5-30-1-1-1-(1),1-2n_hom,known
JCM-2985-4B,1-2n_hom,known
JCM-3529-7B,1-2n_hom,known
K1-1,1-2n_hom,known
K10,2n_het,known
K12,2n_het,known
K12-3,1-2n_hom,known
K12-4,1-2n_hom,known
K13,2n_het,known
K14,2n_het,known
K15,2n_het,known
K5,2n_het,known
K9,2n_het,known
Ksc2-2B,1-2n_hom,known
Ksc40-8A,1-2n_hom,known
Ksc73-2D,1-2n_hom,known
L-1183,1-2n_hom,known
L-1191,1-2n_hom,known
L-1194,1-2n_hom,known
L-1198,2n_het,known
L-1201,2n_het,known
L-304,1-2n_hom,known
L-319,2n_het,known
L-475,1-2n_hom,known
L-846,2n_het,known
L-958,2n_het,known
L-960,2n_het,known
L-962,1-2n_hom,known
L-982,1-2n_hom,known
LCBG-3D2,2n_het,known
LCBG-3D4,2n_het,known
LCBG-3D6,2n_het,known
LCBG-3Y3,2n_het,known
LCBG-3Y8,2n_het,known
LCBG-4Y3,2n_het,known
LCBG-Mosca3,2n_het,known
Lib39,1-2n_hom,known
Lib51,2n_het,known
Lib52,1-2n_hom,known
Lib54,2n_het,known
Lib61,2n_het,known
Lib70,2n_het,known
Lib71,2n_het,known
Lib73,2n_het,known
Lx2,2n_het,known
M.14.1,2n_het,known
M.9.1,2n_het,known
M1,2n_het,known
M1.1,2n_het,known
M22-1b,1-2n_hom,known
M5,1-2n_hom,known
M57,2n_het,known
M6,2n_het,known
M9,2n_het,known
MAJ-A,2n_het,known
MAJ-G,2n_het,known
MC10,1-2n_hom,known
MC5,2n_het,known
MC6,2n_het,known
MC7,2n_het,known
MC8,1-2n_hom,known
MTF2546,2n_het,known
MTF2547,2n_het,known
MTF2548,2n_het,known
MTF2549,2n_het,known
MTF2550,2n_het,known
MTF2551,2n_het,known
MTF2552,2n_het,known
MTF2553,2n_het,known
MTF2554,2n_het,known
MTF2555,2n_het,known
MTF2556,2n_het,known
MTF2557,2n_het,known
MUCL-30909-2C,1-2n_hom,known
Me7,2n_het,known
N134:7-1(a),1-2n_hom,known
N159.01-2B,1-2n_hom,known
N163.01-5A,1-2n_hom,known
N19-1C,1-2n_hom,known
N22.00-5D,1-2n_hom,known
N26-1-10:7-5(a),2n_het,known
N3.00-7A,1-2n_hom,known
N34:2-4(a),1-2n_hom,known
N37-1A,1-2n_hom,known
N38-4A,1-2n_hom,known
N39-7A,1-2n_hom,known
N493-2C,1-2n_hom,known
N51-1A,1-2n_hom,known
N95-5-1A,1-2n_hom,known
N95-6-1C,1-2n_hom,known
NC-02-b,1-2n_hom,known
NCYC-1187,4n,known
NCYC-2743,1-2n_hom,known
NCYC-2780,4n,known
NCYC-2798,3n,known
NCYC-2925,3n,known
NCYC-2966,2n_het,known
NCYC-88,1-2n_hom,known
NPA02-1,1-2n_hom,known
NPA03.1,1-2n_hom,known
NPA05a1,3n,known
NPA05b1,3n,known
NPA06.1,1-2n_hom,known
NPA07.1,2n_het,known
OS-1051,4n,known
OS-1052,2n_het,known
OS-1053,2n_het,known
OS-1054,2n_het,known
OS-1055,2n_het,known
OS-1056,2n_het,known
OS-1057,2n_het,known
OS-1059,2n_het,known
OS-1059-2,3n,known
OS-1060,2n_het,known
OS-1060-2,2n_het,known
OS-1061,2n_het,known
OS-1062,2n_het,known
OS-1063,2n_het,known
OS-1064,2n_het,known
OS-1326,2n_het,known
OS-1327,2n_het,known
OS-1329,2n_het,known
OS-1338,2n_het,known
OS-1339,2n_het,known
OS-1346,2n_het,known
OS-1462,2n_het,known
OS-1463,2n_het,known
OS-1464,2n_het,known
OS-1464-2,2n_het,known
OS-226,4n,known
OS-244,3n,known
PB11,2n_het,known
PB12,2n_het,known
PB13,2n_het,known
PB137,1-2n_hom,known
PB14,2n_het,known
PB15,2n_het,known
PB197,1-2n_hom,known
PB200,1-2n_hom,known
PB56,1-2n_hom,known
PB67,1-2n_hom,known
PB94,1-2n_hom,known
PR,1-2n_hom,known
PW5-b,1-2n_hom,known
Ponton-11-2,1-2n_hom,known
RB3-7Sc2,2n_het,known
RIB0001,2n_het,known
RIB0002,2n_het,known
RIB0003,2n_het,known
RIB0004,2n_het,known
RIB0005,2n_het,known
RIB0007,2n_het,known
RIB1001,2n_het,known
RIB1002,2n_het,known
RIB1003,2n_het,known
RIB1004,2n_het,known
RIB1005,2n_het,known
RIB1006,2n_het,known
RIB1007,2n_het,known
RIB1008,2n_het,known
RIB1010,2n_het,known
RIB1011,2n_het,known
RIB1012,2n_het,known
RIB1014,2n_het,known
RIB1015,2n_het,known
RIB1016,2n_het,known
RIB1017,2n_het,known
RIB6001,2n_het,known
RIB6002,3n,known
RIB6003,2n_het,known
RIB6004,2n_het,known
RIB6005,2n_het,known
RIB6006,2n_het,known
RIB6007,2n_het,known
RIB6008,2n_het,known
RIB6009,2n_het,known
RM11-1a,1-2n_hom,known
RP.10.13,2n_het,known
RP.10.14,2n_het,known
RP.10.4,2n_het,known
RP11.4.1,2n_het,known
RP11.4.11,2n_het,known
RP11.4.11-2,2n_het,known
RP11.4.14,2n_het,known
RR1a,2n_het,known
S11F3-6B,1-2n_hom,known
S8BM-30-2D,1-2n_hom,known
S8BM-32-4D(a),1-2n_hom,known
SA.1.5.,2n_het,known
SA.10.1.VL1,2n_het,known
SA.10.1.VR4,2n_het,known
SA.9.2.BL3,2n_het,known
SA.9.3.VR1,2n_het,known
SA.9.4.BR2,2n_het,known
SA.9.4.VL4,2n_het,known
SA6-31,1-2n_hom,known
SBD,2n_het,known
SBE-1C,2n_het,known
SC2-37,1-2n_hom,known
SD-15,4n,known
SG4,2n_het,known
SG60-2,2n_het,known
SGB1,2n_het,known
SGU89,2n_het,known
SJ1L04,3n,known
SJ5L11,3n,known
SJ5L12,1-2n_hom,known
SJ5L13,4n,known
SJ5L14,2n_het,known
SJ5L15,3n,known
SJ5L16,1-2n_hom,known
SJ5L17,2n_het,known
SJ5L18,2n_het,known
SJ6L01,3n,known
SJ7L01,3n,known
SM.8.2.C13,2n_het,known
SM.8.7.BR1,2n_het,known
SM.8.7.L8,2n_het,known
SM.8.7.L9,2n_het,known
SM.8.8.BL1,2n_het,known
SM.8.8.CVR1,2n_het,known
SM.9.1.AL1,1-2n_hom,known
SM.9.1.BL7,1-2n_hom,known
SM.9.2.BR3(L),2n_het,known
SM.9.4.BL2,2n_het,known
SM.9.4.BR1,2n_het,known
SM.9.4.BR2,2n_het,known
SM8.3.M5,2n_het,known
SX1-2,1-2n_hom,known
SX3-2,1-2n_hom,known
SX3-3,1-2n_hom,known
T7-b,1-2n_hom,known
T73-1b,1-2n_hom,known
T73-1b-2,1-2n_hom,known
TL229S2.2,1-2n_hom,known
TayTa,2n_het,known
UC1-1b,1-2n_hom,known
UC10,1-2n_hom,known
UC4,2n_het,known
UC5,1-2n_hom,known
UC8-1b,1-2n_hom,known
UCD-05-780,1-2n_hom,known
UCD-06-645,4n,known
UCD-09-448,1-2n_hom,known
UCD-11-601,1-2n_hom,known
UCD-40-235,1-2n_hom,known
UCD-40-248,1-2n_hom,known
UCD-40-255,4n,known
UCD-40-346,2n_het,known
UCD-40-49,1-2n_hom,known
UCD-61-190-6A,1-2n_hom,known
UFRJ-50613-2D(a),1-2n_hom,known
UWOPS03-429.1,1-2n_hom,known
UWOPS03-433.3,1-2n_hom,known
UWOPS03-459.1,1-2n_hom,known
UWOPS03-461.4,1-2n_hom,known
UWOPS83-883-2,2n_het,known
VF8-(6),1-2n_hom,known
VKM-Y-504:S,1-2n_hom,known
VL5,2n_het,known
VNL3,3n,known
WE372-1b,1-2n_hom,known
Win-8B,2n_het,known
Y1,3n,known
Y10-1b,1-2n_hom,known
Y12-1b,1-2n_hom,known
Y3-1b,1-2n_hom,known
Y4,1-2n_hom,known
Y5,1-2n_hom,known
Y55-1b,1-2n_hom,known
Y6-b,2n_het,known
Y9-4,1-2n_hom,known
Y9J-1b,1-2n_hom,known
YJM145-b,1-2n_hom,known
YJM269-1b,1-2n_hom,known
YJM280-b,1-2n_hom,known
YJM308-2,2n_het,known
YJM320b,1-2n_hom,known
YJM326-b,1-2n_hom,known
YJM339-3,1-2n_hom,known
YJM413-b,1-2n_hom,known
YJM421-b,1-2n_hom,known
YJM428-1b,1-2n_hom,known
YJM434-1b,1-2n_hom,known
YJM436-1b,1-2n_hom,known
YJM440-1b,1-2n_hom,known
YJM454-1b,1-2n_hom,known
YJM454-1b-2,1-2n_hom,known
YJM627-2,1-2n_hom,known
YJM653-1b,1-2n_hom,known
YJM678-1b,1-2n_hom,known
YJM981-b,1-2n_hom,known
YJM984,1-2n_hom,known
YJM989,1-2n_hom,known
YJM990,1-2n_hom,known
YPS1000-1b,1-2n_hom,known
YPS1009-b,1-2n_hom,known
YPS128-3,1-2n_hom,known
YPS129,1-2n_hom,known
YPS133,1-2n_hom,known
YPS134,1-2n_hom,known
YPS134-2,1-2n_hom,known
YPS139,1-2n_hom,known
YPS141,1-2n_hom,known
YPS142,1-2n_hom,known
YPS143,1-2n_hom,known
YPS154,1-2n_hom,known
YPS163-1b,1-2n_hom,known
YPS163-2,1-2n_hom,known
YPS615,1-2n_hom,known
YPS617,1-2n_hom,known
YPS670,1-2n_hom,known
YS10(E),3n,known
YS11(E),2n_het,known
YS15,2n_het,known
YS19,3n,known
YS20,2n_het,known
YS22(E),2n_het,known
YS5(E),4n,known
YS8(E),4n,known
ZP-567,1-2n_hom,known
ZP-577,1-2n_hom,known
ZP-611,1-2n_hom,known
ho-SB,1-2n_hom,known
1014-F5,1-2n_hom,predicted
1014g5,1-2n_hom,predicted
10560-6B,1-2n_hom,predicted
155,2n_het,predicted
168,2n_het,predicted
2-077,2n_het,predicted
2-100,2n_het,predicted
2-115,1-2n_hom,predicted
2-148,1-2n_hom,predicted
2-155,1-2n_hom,predicted
2-168,2n_het,predicted
2-169,2n_het,predicted
2-2-2001,1-2n_hom,predicted
2.1392,1-2n_hom,predicted
2.591,1-2n_hom,predicted
20B2,1-2n_hom,predicted
229,2n_het,predicted
22A4,1-2n_hom,predicted
273614N,1-2n_hom,predicted
273614N-2,1-2n_hom,predicted
322134S,2n_het,predicted
378604X,1-2n_hom,predicted
378604X-2,1-2n_hom,predicted
3F-S93,1-2n_hom,predicted
402803,2n_het,predicted
403350,2n_het,predicted
427,2n_het,predicted
502,2n_het,predicted
59A,1-2n_hom,predicted
6320-A7,1-2n_hom,predicted
7-7,1-2n_hom,predicted
92-123,2n_het,predicted
A-1S5,2n_het,predicted
A-1S6,2n_het,predicted
A-3-S1,2n_het,predicted
A-5-S2,2n_het,predicted
A-8-S3,2n_het,predicted
A-9-S4,2n_het,predicted
A.1007,1-2n_hom,predicted
A.1187,1-2n_hom,predicted
A.1728,1-2n_hom,predicted
A.1945,1-2n_hom,predicted
A.1968,1-2n_hom,predicted
A.2565,1-2n_hom,predicted
A.3942,1-2n_hom,predicted
A.BRY-97,2n_het,predicted
A.Coopers,1-2n_hom,predicted
A.Munich,1-2n_hom,predicted
A.Muntons,1-2n_hom,predicted
A.Nottingham,1-2n_hom,predicted
A.S-04,1-2n_hom,predicted
A.S-33,1-2n_hom,predicted
A.T-58,1-2n_hom,predicted
A.US-05,1-2n_hom,predicted
A.WB-06,2n_het,predicted
A.Windson,1-2n_hom,predicted
A10-S2,1-2n_hom,predicted
A1S13,1-2n_hom,predicted
A1S24,1-2n_hom,predicted
A3-S132,2n_het,predicted
A3-S56,1-2n_hom,predicted
A364A,1-2n_hom,predicted
A4-S3,1-2n_hom,predicted
A4-S67,1-2n_hom,predicted
A5-S4,2n_het,predicted
A5-S78,1-2n_hom,predicted
A6-S5,2n_het,predicted
A6-S89,2n_het,predicted
A7-S100,2n_het,predicted
A7-S6,2n_het,predicted
A8-S111,2n_het,predicted
A9-S122,2n_het,predicted
ABM1,4n,predicted
ABM2,3n,predicted
ABM3,3n,predicted
ABM4,3n,predicted
ABM5,3n,predicted
ACNCCsf-C6,1-2n_hom,predicted
ACNCRsf-E5,2n_het,predicted
ACNCRsf-G1,2n_het,predicted
ACNTFsf-C5,1-2n_hom,predicted
AF,1-2n_hom,predicted
AFB.1,4n,predicted
AG008,1-2n_hom,predicted
AG015,2n_het,predicted
AG017,2n_het,predicted
AG023,2n_het,predicted
AHN1,2n_het,predicted
ANG.CJ.1,2n_het,predicted
ANG1,4n,predicted
ANGGW.1,1-2n_hom,predicted
AP13.1,1-2n_hom,predicted
APRFVsf-F12,2n_het,predicted
APRSEsf-D1,1-2n_hom,predicted
APRSEsf-G9,1-2n_hom,predicted
AQ2580,1-2n_hom,predicted
AQ2582,1-2n_hom,predicted
AQ2584,1-2n_hom,predicted
AQ2587,2n_het,predicted
AQ2593,1-2n_hom,predicted
AQ2654,1-2n_hom,predicted
AQ2657,2n_het,predicted
AQ2717,1-2n_hom,predicted
AQ2720,2n_het,predicted
AQ2721,2n_het,predicted
AQ2722,2n_het,predicted
AQ2723,2n_het,predicted
AQ2724,2n_het,predicted
AQ2885,2n_het,predicted
AQ435,1-2n_hom,predicted
AQ593,1-2n_hom,predicted
AS1,1-2n_hom,predicted
AS131,2n_het,predicted
AS45,1-2n_hom,predicted
ATH,1-2n_hom,predicted
ATH-2,2n_het,predicted
ATOACsf-A9,1-2n_hom,predicted
AWRI1001,1-2n_hom,predicted
AWRI1017,2n_het,predicted
AWRI1077,1-2n_hom,predicted
AWRI1078,2n_het,predicted
AWRI1082,1-2n_hom,predicted
AWRI1083,1-2n_hom,predicted
AWRI1427,1-2n_hom,predicted
AWRI1428,1-2n_hom,predicted
AWRI1429,1-2n_hom,predicted
AWRI1430,1-2n_hom,predicted
AWRI1431,1-2n_hom,predicted
AWRI1432,1-2n_hom,predicted
AWRI1435,1-2n_hom,predicted
AWRI1436,1-2n_hom,predicted
AWRI1451,2n_het,predicted
AWRI1474,1-2n_hom,predicted
AWRI1482,2n_het,predicted
AWRI1483,1-2n_hom,predicted
AWRI1484,1-2n_hom,predicted
AWRI1485,2n_het,predicted
AWRI1486,1-2n_hom,predicted
AWRI1487,2n_het,predicted
AWRI1488,2n_het,predicted
AWRI1489,2n_het,predicted
AWRI1490,1-2n_hom,predicted
AWRI1491,1-2n_hom,predicted
AWRI1492,1-2n_hom,predicted
AWRI1493,1-2n_hom,predicted
AWRI1494,1-2n_hom,predicted
AWRI1495,1-2n_hom,predicted
AWRI1496,2n_het,predicted
AWRI1497,1-2n_hom,predicted
AWRI1498,1-2n_hom,predicted
AWRI1501,1-2n_hom,predicted
AWRI1502,1-2n_hom,predicted
AWRI1503,1-2n_hom,predicted
AWRI1504,1-2n_hom,predicted
AWRI1505,1-2n_hom,predicted
AWRI1537,1-2n_hom,predicted
AWRI1575,1-2n_hom,predicted
AWRI1616,1-2n_hom,predicted
AWRI1625,1-2n_hom,predicted
AWRI1629,1-2n_hom,predicted
AWRI1638,1-2n_hom,predicted
AWRI1639,2n_het,predicted
AWRI1642,1-2n_hom,predicted
AWRI1686,1-2n_hom,predicted
AWRI1688,1-2n_hom,predicted
AWRI1697,1-2n_hom,predicted
AWRI170,1-2n_hom,predicted
AWRI1705,1-2n_hom,predicted
AWRI1706,1-2n_hom,predicted
AWRI1709,1-2n_hom,predicted
AWRI1712,1-2n_hom,predicted
AWRI1714,1-2n_hom,predicted
AWRI1716,2n_het,predicted
AWRI1719,1-2n_hom,predicted
AWRI1722,1-2n_hom,predicted
AWRI1724,2n_het,predicted
AWRI1727,1-2n_hom,predicted
AWRI1729,1-2n_hom,predicted
AWRI1736,1-2n_hom,predicted
AWRI1742,1-2n_hom,predicted
AWRI1743,1-2n_hom,predicted
AWRI1744,1-2n_hom,predicted
AWRI1754,2n_het,predicted
AWRI1756,1-2n_hom,predicted
AWRI1757,1-2n_hom,predicted
AWRI1758,1-2n_hom,predicted
AWRI1759,1-2n_hom,predicted
AWRI1760,1-2n_hom,predicted
AWRI1761,1-2n_hom,predicted
AWRI1762,1-2n_hom,predicted
AWRI1775,2n_het,predicted
AWRI1776,1-2n_hom,predicted
AWRI1778,1-2n_hom,predicted
AWRI1781,2n_het,predicted
AWRI1782,2n_het,predicted
AWRI1784,2n_het,predicted
AWRI1787,1-2n_hom,predicted
AWRI1795,2n_het,predicted
AWRI1796,1-2n_hom,predicted
AWRI1833,1-2n_hom,predicted
AWRI1899,1-2n_hom,predicted
AWRI1901,2n_het,predicted
AWRI1902,1-2n_hom,predicted
AWRI1910,2n_het,predicted
AWRI1912,2n_het,predicted
AWRI1915,1-2n_hom,predicted
AWRI1918,1-2n_hom,predicted
AWRI1921,1-2n_hom,predicted
AWRI1939,1-2n_hom,predicted
AWRI1942,2n_het,predicted
AWRI1946,1-2n_hom,predicted
AWRI1950,1-2n_hom,predicted
AWRI1962,1-2n_hom,predicted
AWRI2006,1-2n_hom,predicted
AWRI2013,1-2n_hom,predicted
AWRI2077,2n_het,predicted
AWRI2078,1-2n_hom,predicted
AWRI2079,1-2n_hom,predicted
AWRI213,1-2n_hom,predicted
AWRI2255,1-2n_hom,predicted
AWRI2260,1-2n_hom,predicted
AWRI228,1-2n_hom,predicted
AWRI2308,1-2n_hom,predicted
AWRI2340,2n_het,predicted
AWRI266,1-2n_hom,predicted
AWRI2768,2n_het,predicted
AWRI2776,1-2n_hom,predicted
AWRI2848,1-2n_hom,predicted
AWRI2849,1-2n_hom,predicted
AWRI2850,1-2n_hom,predicted
AWRI2851,2n_het,predicted
AWRI2852,1-2n_hom,predicted
AWRI2853,2n_het,predicted
AWRI2854,1-2n_hom,predicted
AWRI2855,1-2n_hom,predicted
AWRI2856,2n_het,predicted
AWRI2858,2n_het,predicted
AWRI2859,2n_het,predicted
AWRI2860,2n_het,predicted
AWRI2861,1-2n_hom,predicted
AWRI2863,1-2n_hom,predicted
AWRI2864,1-2n_hom,predicted
AWRI2865,2n_het,predicted
AWRI2866,2n_het,predicted
AWRI2867,1-2n_hom,predicted
AWRI2868,1-2n_hom,predicted
AWRI2869,2n_het,predicted
AWRI2870,2n_het,predicted
AWRI2871,2n_het,predicted
AWRI2872,2n_het,predicted
AWRI2873,2n_het,predicted
AWRI2874,2n_het,predicted
AWRI2875,1-2n_hom,predicted
AWRI2876,2n_het,predicted
AWRI2877,2n_het,predicted
AWRI2878,2n_het,predicted
AWRI2879,2n_het,predicted
AWRI2880,1-2n_hom,predicted
AWRI2881,2n_het,predicted
AWRI2882,2n_het,predicted
AWRI2895,1-2n_hom,predicted
AWRI2896,1-2n_hom,predicted
AWRI2897,1-2n_hom,predicted
AWRI2898,1-2n_hom,predicted
AWRI2899,1-2n_hom,predicted
AWRI2900,1-2n_hom,predicted
AWRI2901,1-2n_hom,predicted
AWRI2902,1-2n_hom,predicted
AWRI2903,1-2n_hom,predicted
AWRI2904,1-2n_hom,predicted
AWRI2905,1-2n_hom,predicted
AWRI2906,1-2n_hom,predicted
AWRI2907,1-2n_hom,predicted
AWRI2908,1-2n_hom,predicted
AWRI2909,1-2n_hom,predicted
AWRI2910,1-2n_hom,predicted
AWRI2911,1-2n_hom,predicted
AWRI2912,2n_het,predicted
AWRI2913,1-2n_hom,predicted
AWRI2914,1-2n_hom,predicted
AWRI292,2n_het,predicted
AWRI2921,1-2n_hom,predicted
AWRI2927,2n_het,predicted
AWRI2928,2n_het,predicted
AWRI2931,1-2n_hom,predicted
AWRI2933,2n_het,predicted
AWRI722,2n_het,predicted
AWRI723,2n_het,predicted
AWRI724,1-2n_hom,predicted
AWRI735,1-2n_hom,predicted
AWRI739,2n_het,predicted
AWRI740,1-2n_hom,predicted
AWRI763,2n_het,predicted
AWRI766,1-2n_hom,predicted
AWRI767,1-2n_hom,predicted
AWRI778,2n_het,predicted
AWRI792,1-2n_hom,predicted
AWRI793,1-2n_hom,predicted
AWRI795,1-2n_hom,predicted
AWRI796,1-2n_hom,predicted
AWRI81,1-2n_hom,predicted
AWRI814,1-2n_hom,predicted
AWRI833,2n_het,predicted
AWRI834,2n_het,predicted
AWRI838,1-2n_hom,predicted
AWRI858,1-2n_hom,predicted
AWRI896,2n_het,predicted
AWRI931,1-2n_hom,predicted
AWRI932,1-2n_hom,predicted
AWRI934,1-2n_hom,predicted
AWRI935,1-2n_hom,predicted
AWRI937,1-2n_hom,predicted
AWRI939,1-2n_hom,predicted
AWRI947,1-2n_hom,predicted
AWRI971,2n_het,predicted
AnchorBrewersYeast,1-2n_hom,predicted
Awamori-101-18,1-2n_hom,predicted
B-10-S12,2n_het,predicted
B-3-S8,2n_het,predicted
B-4-S9,2n_het,predicted
B-7-S10,1-2n_hom,predicted
B-8-S11,1-2n_hom,predicted
B-S7,2n_het,predicted
B1-1,2n_het,predicted
B10-S48,1-2n_hom,predicted
B1S50,2n_het,predicted
B3-S40,2n_het,predicted
B3-S9,1-2n_hom,predicted
B4-S10,1-2n_hom,predicted
B4-S41,1-2n_hom,predicted
B5-S11,2n_het,predicted
B5-S42,1-2n_hom,predicted
B6-S12,1-2n_hom,predicted
B6-S43,1-2n_hom,predicted
B66044,2n_het,predicted
B68019c,2n_het,predicted
B68549,2n_het,predicted
B7-S14,2n_het,predicted
B7-S44,1-2n_hom,predicted
B8-S46,1-2n_hom,predicted
B9-S47,2n_het,predicted
BC187,1-2n_hom,predicted
BC187-2,1-2n_hom,predicted
BC187-3,1-2n_hom,predicted
BC217,1-2n_hom,predicted
BE001,3n,predicted
BE002,2n_het,predicted
BE003,1-2n_hom,predicted
BE004,2n_het,predicted
BE005,4n,predicted
BE006,4n,predicted
BE007,4n,predicted
BE008,4n,predicted
BE009,4n,predicted
BE010,4n,predicted
BE011,2n_het,predicted
BE012,4n,predicted
BE013,2n_het,predicted
BE014,2n_het,predicted
BE015,3n,predicted
BE016,3n,predicted
BE017,4n,predicted
BE018,1-2n_hom,predicted
BE019,1-2n_hom,predicted
BE020,2n_het,predicted
BE021,2n_het,predicted
BE022,4n,predicted
BE023,4n,predicted
BE024,2n_het,predicted
BE025,4n,predicted
BE026,4n,predicted
BE027,2n_het,predicted
BE028,4n,predicted
BE029,4n,predicted
BE030,2n_het,predicted
BE031,4n,predicted
BE032,2n_het,predicted
BE033,2n_het,predicted
BE034,1-2n_hom,predicted
BE035,4n,predicted
BE036,4n,predicted
BE037,4n,predicted
BE038,4n,predicted
BE039,2n_het,predicted
BE040,2n_het,predicted
BE041,1-2n_hom,predicted
BE042,1-2n_hom,predicted
BE043,4n,predicted
BE044,1-2n_hom,predicted
BE045,4n,predicted
BE046,1-2n_hom,predicted
BE047,4n,predicted
BE048,4n,predicted
BE049,4n,predicted
BE050,4n,predicted
BE051,4n,predicted
BE052,4n,predicted
BE053,4n,predicted
BE054,4n,predicted
BE055,3n,predicted
BE056,1-2n_hom,predicted
BE057,4n,predicted
BE058,4n,predicted
BE059,2n_het,predicted
BE060,4n,predicted
BE061,1-2n_hom,predicted
BE062,2n_het,predicted
BE063,2n_het,predicted
BE064,4n,predicted
BE065,4n,predicted
BE066,1-2n_hom,predicted
BE067,4n,predicted
BE068,1-2n_hom,predicted
BE069,4n,predicted
BE070,1-2n_hom,predicted
BE071,4n,predicted
BE072,4n,predicted
BE073,4n,predicted
BE074,4n,predicted
BE075,4n,predicted
BE076,4n,predicted
BE077,4n,predicted
BE078,4n,predicted
BE079,4n,predicted
BE080,2n_het,predicted
BE081,4n,predicted
BE082,4n,predicted
BE083,1-2n_hom,predicted
BE084,1-2n_hom,predicted
BE085,2n_het,predicted
BE086,2n_het,predicted
BE087,4n,predicted
BE088,2n_het,predicted
BE089,4n,predicted
BE090,4n,predicted
BE091,2n_het,predicted
BE092,1-2n_hom,predicted
BE093,4n,predicted
BE094,4n,predicted
BE095,4n,predicted
BE096,4n,predicted
BE097,4n,predicted
BE098,4n,predicted
BE099,4n,predicted
BE100,4n,predicted
BE101,4n,predicted
BE102,4n,predicted
BI001,2n_het,predicted
BI002,2n_het,predicted
BI003,2n_het,predicted
BI004,2n_het,predicted
BI005,2n_het,predicted
BIBV5.3,2n_het,predicted
BJ1,2n_het,predicted
BJ10,1-2n_hom,predicted
BJ10-2,1-2n_hom,predicted
BJ11,1-2n_hom,predicted
BJ13,1-2n_hom,predicted
BJ14,1-2n_hom,predicted
BJ15,1-2n_hom,predicted
BJ16,1-2n_hom,predicted
BJ17,1-2n_hom,predicted
BJ18,1-2n_hom,predicted
BJ19,1-2n_hom,predicted
BJ2,1-2n_hom,predicted
BJ20,1-2n_hom,predicted
BJ20-3,1-2n_hom,predicted
BJ21,1-2n_hom,predicted
BJ22,1-2n_hom,predicted
BJ23,1-2n_hom,predicted
BJ24,1-2n_hom,predicted
BJ25,1-2n_hom,predicted
BJ26,1-2n_hom,predicted
BJ27,1-2n_hom,predicted
BJ28,1-2n_hom,predicted
BJ3,1-2n_hom,predicted
BJ4,1-2n_hom,predicted
BJ5,1-2n_hom,predicted
BJ6,1-2n_hom,predicted
BJ7,1-2n_hom,predicted
BJ8,1-2n_hom,predicted
BJ9,1-2n_hom,predicted
BJQ1,2n_het,predicted
BJQ2,2n_het,predicted
BJQ3,3n,predicted
BJQ4,2n_het,predicted
BJQ5,2n_het,predicted
BJQ6,2n_het,predicted
BM5.1,2n_het,predicted
BQ1.1,2n_het,predicted
BQ8.1,2n_het,predicted
BQ8.2,2n_het,predicted
BR001,4n,predicted
BR002,4n,predicted
BR003,1-2n_hom,predicted
BR004,4n,predicted
BS,2n_het,predicted
BS35,1-2n_hom,predicted
BS39,1-2n_hom,predicted
BS7,1-2n_hom,predicted
BS8,1-2n_hom,predicted
BT1.1,3n,predicted
BT2.6,3n,predicted
BT2.8,3n,predicted
BT3,3n,predicted
BT4,3n,predicted
BTP1,2n_het,predicted
BY4716,1-2n_hom,predicted
BY4741,2n_het,predicted
BY4742,1-2n_hom,predicted
Belgian,2n_het,predicted
BelleSaison,2n_het,predicted
Bond-lab-1063,1-2n_hom,predicted
C-1S18,2n_het,predicted
C-3-S15,1-2n_hom,predicted
C-6-S16,1-2n_hom,predicted
C-8-S17,1-2n_hom,predicted
C-S13,2n_het,predicted
C-S14,1-2n_hom,predicted
C10-S61,1-2n_hom,predicted
C1S62,2n_het,predicted
C1S63,1-2n_hom,predicted
C3-S17,1-2n_hom,predicted
C3-S53,1-2n_hom,predicted
C4-S18,2n_het,predicted
C4-S54,1-2n_hom,predicted
C5-1,3n,predicted
C5-S19,2n_het,predicted
C5-S55,2n_het,predicted
C6-S20,1-2n_hom,predicted
C6-S57,2n_het,predicted
C7-S21,1-2n_hom,predicted
C7-S58,1-2n_hom,predicted
C8-S59,2n_het,predicted
C9-S60,1-2n_hom,predicted
CAMBLsf-H9,1-2n_hom,predicted
CBS-1585,1-2n_hom,predicted
CBS-1598,1-2n_hom,predicted
CBS-435,2n_het,predicted
CBS1227,2n_het,predicted
CBS1248,1-2n_hom,predicted
CBS1464,1-2n_hom,predicted
CBS1489,2n_het,predicted
CBS2909,2n_het,predicted
CBS2910,2n_het,predicted
CBS2919,1-2n_hom,predicted
CBS7833,2n_het,predicted
CBS7834,2n_het,predicted
CBS7835,3n,predicted
CBS7836,2n_het,predicted
CBS7837,2n_het,predicted
CBS7840,2n_het,predicted
CBS9562,2n_het,predicted
CBS9563,2n_het,predicted
CBS9563-2,1-2n_hom,predicted
CBS9564,2n_het,predicted
CBS9564-2,2n_het,predicted
CBS9565,2n_het,predicted
CDRDR-sf-H,2n_het,predicted
CDRDRsf-A10,2n_het,predicted
CECT10109,1-2n_hom,predicted
CEN.PK2-1Ca,1-2n_hom,predicted
CENPK,1-2n_hom,predicted
CI001,2n_het,predicted
CJM11.1,3n,predicted
CJM19.5,3n,predicted
CJM19.6,3n,predicted
CJM20.1,3n,predicted
CJM21.4,3n,predicted
CJM24.1,2n_het,predicted
CJM25.1,3n,predicted
CJM25.4,3n,predicted
CJM25.5,3n,predicted
CJM6.2,3n,predicted
CLI-1,2n_het,predicted
CLI-10,2n_het,predicted
CLI-11,2n_het,predicted
CLI-12,2n_het,predicted
CLI-13,2n_het,predicted
CLI-14,2n_het,predicted
CLI-15,2n_het,predicted
CLI-16,4n,predicted
CLI-17,2n_het,predicted
CLI-18,2n_het,predicted
CLI-19,2n_het,predicted
CLI-2,2n_het,predicted
CLI-20,2n_het,predicted
CLI-21,2n_het,predicted
CLI-22,2n_het,predicted
CLI-23,4n,predicted
CLI-24,2n_het,predicted
CLI-25,2n_het,predicted
CLI-26,4n,predicted
CLI-3,2n_het,predicted
CLI-4,2n_het,predicted
CLI-5,2n_het,predicted
CLI-6,2n_het,predicted
CLI-7,2n_het,predicted
CLI-8,2n_het,predicted
CLI-9,2n_het,predicted
CLIB154,1-2n_hom,predicted
CLIB157,1-2n_hom,predicted
CLIB192,2n_het,predicted
CLIB208,1-2n_hom,predicted
CLIB219,1-2n_hom,predicted
CLIB272,2n_het,predicted
CLIB294,1-2n_hom,predicted
CLIB318,1-2n_hom,predicted
CLIB324,1-2n_hom,predicted
CLIB413-2,2n_het,predicted
CLIB483,1-2n_hom,predicted
CMDMDsf-F4,2n_het,predicted
CMVMVsf-F3,2n_het,predicted
CPEGIsf-C3,2n_het,predicted
CQJZ1.4,1-2n_hom,predicted
CRIRIsf-C2,1-2n_hom,predicted
CRIRIsf-H2,1-2n_hom,predicted
CRIRIwf-A11,1-2n_hom,predicted
CRUB006,1-2n_hom,predicted
CRUB1598,1-2n_hom,predicted
CS15,2n_het,predicted
CS16,2n_het,predicted
CS51,2n_het,predicted
CS52,1-2n_hom,predicted
Cali,4n,predicted
Cit-KP,1-2n_hom,predicted
CoteDesBlancs,2n_het,predicted
D-1S24,1-2n_hom,predicted
D-4-S20,1-2n_hom,predicted
D-8-S22,1-2n_hom,predicted
D-9-S23,2n_het,predicted
D-S19,1-2n_hom,predicted
D-x-S21,1-2n_hom,predicted
D1S75,2n_het,predicted
D1S76,1-2n_hom,predicted
D273-10B,1-2n_hom,predicted
D3-S25,1-2n_hom,predicted
D4-S26,2n_het,predicted
D4-S68,2n_het,predicted
D47-60-3B,1-2n_hom,predicted
D5-S27,1-2n_hom,predicted
D5-S69,1-2n_hom,predicted
D6-S28,1-2n_hom,predicted
D6-S70,1-2n_hom,predicted
D7-S29,1-2n_hom,predicted
D7-S71,1-2n_hom,predicted
D8-S72,1-2n_hom,predicted
D9-S73,1-2n_hom,predicted
DAV1e,1-2n_hom,predicted
DBL.1,3n,predicted
DBQ22,1-2n_hom,predicted
DBQ26,1-2n_hom,predicted
DBS11,1-2n_hom,predicted
DBS12,1-2n_hom,predicted
DBVPG10100,1-2n_hom,predicted
DBVPG1106-2,1-2n_hom,predicted
DBVPG1106-3,1-2n_hom,predicted
DBVPG1373,1-2n_hom,predicted
DBVPG1373-2,1-2n_hom,predicted
DBVPG1399,2n_het,predicted
DBVPG1788,1-2n_hom,predicted
DBVPG1794,1-2n_hom,predicted
DBVPG1853,1-2n_hom,predicted
DBVPG3591,1-2n_hom,predicted
DBVPG4651-2,1-2n_hom,predicted
DBVPG6040,1-2n_hom,predicted
DBVPG6044,1-2n_hom,predicted
DBVPG6044-2,1-2n_hom,predicted
DBVPG6044-4,1-2n_hom,predicted
DBVPG6765,1-2n_hom,predicted
DBVPG6765-2,1-2n_hom,predicted
DBVPG6765-3,1-2n_hom,predicted
DJM4.1,3n,predicted
DS22,1-2n_hom,predicted
DS23,1-2n_hom,predicted
DS64,2n_het,predicted
DS65,1-2n_hom,predicted
DX10-3,3n,predicted
Djonno-1,1-2n_hom,predicted
Dras-1,1-2n_hom,predicted
Dromer-IP,2n_het,predicted
E-10-S29,2n_het,predicted
E-1S30,2n_het,predicted
E-3-S26,2n_het,predicted
E-5-S27,2n_het,predicted
E-7-S28,2n_het,predicted
E-S25,1-2n_hom,predicted
E10-S87,1-2n_hom,predicted
E1S88,2n_het,predicted
E1S90,1-2n_hom,predicted
E3-S32,2n_het,predicted
E3-S80,1-2n_hom,predicted
E4-S33,2n_het,predicted
E4-S81,1-2n_hom,predicted
E5-S82,1-2n_hom,predicted
E7-S84,2n_het,predicted
E8-S85,1-2n_hom,predicted
E9-S86,1-2n_hom,predicted
EC1118,2n_het,predicted
EM93,2n_het,predicted
EM93-2,1-2n_hom,predicted
EN14S01,1-2n_hom,predicted
ES30,1-2n_hom,predicted
ES31,1-2n_hom,predicted
ES77,1-2n_hom,predicted
ES79,1-2n_hom,predicted
ETPF1,3n,predicted
ETPF10,2n_het,predicted
ETPF11,2n_het,predicted
ETPF12,2n_het,predicted
ETPF13,2n_het,predicted
ETPF2,2n_het,predicted
ETPF3,2n_het,predicted
ETPF4,4n,predicted
ETPF5,4n,predicted
ETPF6,2n_het,predicted
ETPF9,2n_het,predicted
ETPN14,2n_het,predicted
ETPN7,2n_het,predicted
ETPN8,2n_het,predicted
EXF6684,1-2n_hom,predicted
EXF6719,1-2n_hom,predicted
EXF6761,1-2n_hom,predicted
EXF6780,1-2n_hom,predicted
EXF7145,2n_het,predicted
EXF7197,1-2n_hom,predicted
EXF7200,1-2n_hom,predicted
Ethanol-Red,2n_het,predicted
F-1S36,2n_het,predicted
F-3-S32,2n_het,predicted
F-6-S33,1-2n_hom,predicted
F-7-S34,2n_het,predicted
F-8-S35,2n_het,predicted
F-S31,2n_het,predicted
F10-S101,1-2n_hom,predicted
F12-3B,2n_het,predicted
F1S102,1-2n_hom,predicted
F1S103,2n_het,predicted
F25,3n,predicted
F3-4,2n_het,predicted
F4-S94,2n_het,predicted
F5-S95,1-2n_hom,predicted
F6-S96,1-2n_hom,predicted
F7-S97,1-2n_hom,predicted
F8-S98,1-2n_hom,predicted
F9-S99,1-2n_hom,predicted
FBMI18,4n,predicted
FBMI34,4n,predicted
FGXd,1-2n_hom,predicted
FJ1,1-2n_hom,predicted
FJ10,1-2n_hom,predicted
FJ11,1-2n_hom,predicted
FJ12,1-2n_hom,predicted
FJ2,1-2n_hom,predicted
FJ3,1-2n_hom,predicted
FJ4,1-2n_hom,predicted
FJ5,1-2n_hom,predicted
FJ6,1-2n_hom,predicted
FJ7,1-2n_hom,predicted
FJ8,1-2n_hom,predicted
FJ9,1-2n_hom,predicted
FJN1,1-2n_hom,predicted
FJSA40.2,1-2n_hom,predicted
FL100,1-2n_hom,predicted
FL100-2,2n_het,predicted
FS2D,1-2n_hom,predicted
FS91,1-2n_hom,predicted
FS92,2n_het,predicted
FY1679,1-2n_hom,predicted
Fermicru-4F9,1-2n_hom,predicted
FostersB,1-2n_hom,predicted
FostersO,1-2n_hom,predicted
G-10-S42,1-2n_hom,predicted
G-3-S38,1-2n_hom,predicted
G-5-S39,1-2n_hom,predicted
G-6-S40,2n_het,predicted
G-S37,1-2n_hom,predicted
G10-S114,1-2n_hom,predicted
G1S115,1-2n_hom,predicted
G1S116,1-2n_hom,predicted
G3-S106,1-2n_hom,predicted
G4-S107,1-2n_hom,predicted
G5-S108,1-2n_hom,predicted
G6-S109,2n_het,predicted
G7-S110,1-2n_hom,predicted
G8-S112,2n_het,predicted
G9-S113,1-2n_hom,predicted
GE7-4A,1-2n_hom,predicted
GEN12d2,1-2n_hom,predicted
GEN58f3,1-2n_hom,predicted
GH1,2n_het,predicted
GH2,3n,predicted
GMY321,1-2n_hom,predicted
GS1,3n,predicted
GS104,1-2n_hom,predicted
GS105,1-2n_hom,predicted
GS3.1,1-2n_hom,predicted
GS5.6,3n,predicted
GS5.7,3n,predicted
GS6,3n,predicted
GSU1,2n_het,predicted
GSY723,2n_het,predicted
GSY723-2,2n_het,predicted
GSY725,2n_het,predicted
GSY725-2,1-2n_hom,predicted
GT39.1,1-2n_hom,predicted
GT99.1,1-2n_hom,predicted
GUF54-A1,1-2n_hom,predicted
GXU1,2n_het,predicted
GZJ1,3n,predicted
GZJ2,2n_het,predicted
GZJ3,2n_het,predicted
GZJ4,2n_het,predicted
GZJ5,2n_het,predicted
GZLJ3.1,2n_het,predicted
GZLJ3.19,2n_het,predicted
GZLJ3.22,2n_het,predicted
GZLJ3.30,2n_het,predicted
GZU1,2n_het,predicted
Granvin-1,4n,predicted
Green,1-2n_hom,predicted
H-1S48,1-2n_hom,predicted
H-4-S43,2n_het,predicted
H-5-S44,1-2n_hom,predicted
H-6-S45,1-2n_hom,predicted
H-7-S46,1-2n_hom,predicted
H-9-S47,1-2n_hom,predicted
H10-S127,1-2n_hom,predicted
H1S128,1-2n_hom,predicted
H1S129,1-2n_hom,predicted
H3-S119,2n_het,predicted
H342-1,1-2n_hom,predicted
H344-7,1-2n_hom,predicted
H346-1,1-2n_hom,predicted
H347-8,1-2n_hom,predicted
H348-7,1-2n_hom,predicted
H352-8,1-2n_hom,predicted
H359-1,2n_het,predicted
H4-S120,2n_het,predicted
H409-8,1-2n_hom,predicted
H411-8,1-2n_hom,predicted
H412-8,1-2n_hom,predicted
H413-8,1-2n_hom,predicted
H414-8,1-2n_hom,predicted
H415-8,1-2n_hom,predicted
H416-8,1-2n_hom,predicted
H418-7,1-2n_hom,predicted
H420-8,1-2n_hom,predicted
H5-S121,1-2n_hom,predicted
H6-S123,1-2n_hom,predicted
H7-S124,1-2n_hom,predicted
H8-S125,2n_het,predicted
H9-S126,1-2n_hom,predicted
HB-C-KOROKIPO-12,1-2n_hom,predicted
HB-C-KOROKIPO-3,1-2n_hom,predicted
HB-C-OMARUNUI-14,2n_het,predicted
HB-C-OMARUNUI-6,1-2n_hom,predicted
HB-C-OMARUNUI-7,2n_het,predicted
HB-C-TUKITUKI1-16,2n_het,predicted
HB-C-TUKITUKI2-10,1-2n_hom,predicted
HB-C-TUKITUKI2-4,2n_het,predicted
HB-S-BILANCHER-12,2n_het,predicted
HB-S-BILANCHER-6,2n_het,predicted
HB-S-GIMBLETTROAD-14,2n_het,predicted
HB-S-GIMBLETTROAD-16,1-2n_hom,predicted
HB-S-GIMBLETTROAD-22,1-2n_hom,predicted
HB-S-GIMBLETTROAD-5,2n_het,predicted
HB-S-GIMBLETTROAD-9,1-2n_hom,predicted
HBU1,2n_het,predicted
HBU2,2n_het,predicted
HCNKIsf-G7,1-2n_hom,predicted
HCNTHsf-C5,1-2n_hom,predicted
HCNTHsf-F8,1-2n_hom,predicted
HLJ1,1-2n_hom,predicted
HLJ10,2n_het,predicted
HLJ167,2n_het,predicted
HLJ2,1-2n_hom,predicted
HLJ201,2n_het,predicted
HLJ225,2n_het,predicted
HLJ3,1-2n_hom,predicted
HLJ4,2n_het,predicted
HLJ59,2n_het,predicted
HLJU1,2n_het,predicted
HN1,1-2n_hom,predicted
HN1.9,3n,predicted
HN10,1-2n_hom,predicted
HN11,1-2n_hom,predicted
HN13,1-2n_hom,predicted
HN14,1-2n_hom,predicted
HN14-2,1-2n_hom,predicted
HN15,1-2n_hom,predicted
HN16,1-2n_hom,predicted
HN17,1-2n_hom,predicted
HN18,1-2n_hom,predicted
HN19,1-2n_hom,predicted
HN2,1-2n_hom,predicted
HN2.2,2n_het,predicted
HN3,1-2n_hom,predicted
HN3.8,2n_het,predicted
HN4,1-2n_hom,predicted
HN5,1-2n_hom,predicted
HN5.1,3n,predicted
HN6,1-2n_hom,predicted
HN6-3,1-2n_hom,predicted
HN6.1,2n_het,predicted
HN7,1-2n_hom,predicted
HN8,1-2n_hom,predicted
HN9,1-2n_hom,predicted
HNN1,2n_het,predicted
HPRMAsf-G6,1-2n_hom,predicted
HPRMAwf-D10,1-2n_hom,predicted
HPRMTsf-H7,1-2n_hom,predicted
HQ1.1,2n_het,predicted
HQ3.1,2n_het,predicted
HS117,2n_het,predicted
HTHESsf-D10,2n_het,predicted
HTHESsf-G10,2n_het,predicted
HTHMAsf-A11,2n_het,predicted
HTHMAsf-H11,2n_het,predicted
HUN9.1s1,1-2n_hom,predicted
HZJZ4.5,2n_het,predicted
HZJZ5.4,3n,predicted
HZJZ5.5,3n,predicted
Halvorsgard-6,1-2n_hom,predicted
Hm-1,1-2n_hom,predicted
Hornindal-1,4n,predicted
Hornindal-2,4n,predicted
I-10-S53,2n_het,predicted
I-1S54,2n_het,predicted
I-4-S50,2n_het,predicted
I-5-S51,2n_het,predicted
I-S49,2n_het,predicted
I14,1-2n_hom,predicted
IOC9002,1-2n_hom,predicted
ISO12,2n_het,predicted
IT-CXC-S1,1-2n_hom,predicted
IT-CXD-S2,2n_het,predicted
IT-CXE-S3,1-2n_hom,predicted
IT-CXH-S6,1-2n_hom,predicted
IT-CXJ-S8,2n_het,predicted
IT-CXK-S9,2n_het,predicted
IT-CXL-S10,2n_het,predicted
IT-CXN-S12,1-2n_hom,predicted
IT-CXQ-S15,3n,predicted
IT-CXS-S17,1-2n_hom,predicted
IT-CXT-S18,2n_het,predicted
IT-CXU-S19,1-2n_hom,predicted
IT-CXV-S20,1-2n_hom,predicted
IT-CXW-S21,2n_het,predicted
IT-CXX-S22,2n_het,predicted
IT-CXZ-S24,1-2n_hom,predicted
IT-DBJ-S1,2n_het,predicted
IT-DBK-S2,1-2n_hom,predicted
IT-DBL-S3,2n_het,predicted
IT-DBM-S4,2n_het,predicted
IT-DBN-S5,2n_het,predicted
IT-DBO-S6,2n_het,predicted
IT-DBP-S7,2n_het,predicted
IT-DBQ-S8,2n_het,predicted
IT-DBR-S9,2n_het,predicted
IT-DBS-S10,2n_het,predicted
IT-DBT-S11,2n_het,predicted
IT-DBU-S12,2n_het,predicted
IT-DBV-S13,2n_het,predicted
IT-DBW-S14,2n_het,predicted
IT-DBX-S15,2n_het,predicted
IT-DBY-S16,1-2n_hom,predicted
IT-DBZ-S17,2n_het,predicted
IT-DCA-S18,1-2n_hom,predicted
IT-DCC-S20,2n_het,predicted
IT-DDR-S21,2n_het,predicted
IT-DDS-S22,1-2n_hom,predicted
IT-DDT-S23,2n_het,predicted
IT-DDU-S24,2n_het,predicted
IT-DDV-S25,2n_het,predicted
IT-DDW-S26,2n_het,predicted
IT-DEA-S30,1-2n_hom,predicted
IT-DEB-S31,1-2n_hom,predicted
IT-DEC-S32,1-2n_hom,predicted
IT-DED-S33,2n_het,predicted
IT-DEE-S34,2n_het,predicted
IT-DEF-S35,1-2n_hom,predicted
IT-DEG-S36,1-2n_hom,predicted
IT-DEH-S37,1-2n_hom,predicted
IT-DEI-S38,2n_het,predicted
IT-DEJ-S39,1-2n_hom,predicted
IT-DEK-S40,2n_het,predicted
IT-DEL-S41,2n_het,predicted
IT-DEM-S42,1-2n_hom,predicted
IT-DEN-S43,1-2n_hom,predicted
IT-DEO-S44,1-2n_hom,predicted
IT-DEP-S45,1-2n_hom,predicted
IT-DEQ-S46,1-2n_hom,predicted
IT-DER-S47,1-2n_hom,predicted
IT-DES-S48,2n_het,predicted
IT-DET-S49,1-2n_hom,predicted
IT-DEU-S50,1-2n_hom,predicted
IT-DEV-S51,2n_het,predicted
IT-DEW-S52,1-2n_hom,predicted
IT-DEX-S53,2n_het,predicted
Ishlei-1,1-2n_hom,predicted
Ivar-Geithung-1,1-2n_hom,predicted
Ivar-Geithung-2,1-2n_hom,predicted
Ivar-Geithung-3,1-2n_hom,predicted
J-10-S59,2n_het,predicted
J-1S60,1-2n_hom,predicted
J-5-S56,1-2n_hom,predicted
J-7-S57,1-2n_hom,predicted
J-9-S58,1-2n_hom,predicted
J-S55,1-2n_hom,predicted
JHBMY20.1,1-2n_hom,predicted
JK9-3d,1-2n_hom,predicted
JL1,1-2n_hom,predicted
JL2,2n_het,predicted
JL3,1-2n_hom,predicted
JL4,1-2n_hom,predicted
JL5,1-2n_hom,predicted
JM13.2,3n,predicted
JM14.3,3n,predicted
JM22.1,3n,predicted
JM28-16,2n_het,predicted
JM28.13,3n,predicted
JM28.2,3n,predicted
JM32.3,1-2n_hom,predicted
JM32.8,1-2n_hom,predicted
JM37.2,3n,predicted
JM4.8,3n,predicted
JM8.3,3n,predicted
JMU1,1-2n_hom,predicted
JQ10.6,2n_het,predicted
JQ8.3,3n,predicted
JQ8.4,2n_het,predicted
JQ9.3,1-2n_hom,predicted
JQ9.4,3n,predicted
JQHG.1,3n,predicted
JSN1,2n_het,predicted
JSN2,2n_het,predicted
JSN3,2n_het,predicted
JSN4,2n_het,predicted
JSN5,2n_het,predicted
JSN6,1-2n_hom,predicted
JSN7,1-2n_hom,predicted
JT10.10,2n_het,predicted
JT21.1,3n,predicted
JT21.3,2n_het,predicted
JT43.1,3n,predicted
JT49.1,2n_het,predicted
JT49.3,2n_het,predicted
JT49.4,2n_het,predicted
JT94.11,2n_het,predicted
JTHB1,2n_het,predicted
JXXY1.1,1-2n_hom,predicted
JXXY10.1,1-2n_hom,predicted
JXXY16.1,1-2n_hom,predicted
JZ1-4,2n_het,predicted
JZ10.1,3n,predicted
Jordal-1,4n,predicted
K-8-S65,1-2n_hom,predicted
K1,2n_het,predicted
K1-280-2B,1-2n_hom,predicted
K11,1-2n_hom,predicted
K11-2,1-2n_hom,predicted
K11-3,1-2n_hom,predicted
K12-5,1-2n_hom,predicted
KO001,2n_het,predicted
KO002,2n_het,predicted
KO003,2n_het,predicted
Krispy-1,4n,predicted
L-10-S72,2n_het,predicted
L-1374,1-2n_hom,predicted
L-1374-2,1-2n_hom,predicted
L-1528,1-2n_hom,predicted
L-4-S68,1-2n_hom,predicted
L-6-S69,2n_het,predicted
L-7-S70,2n_het,predicted
L-9-S71,1-2n_hom,predicted
L-S67,2n_het,predicted
L.Brewferm,1-2n_hom,predicted
L1414,2n_het,predicted
L1528,1-2n_hom,predicted
L174,1-2n_hom,predicted
L175,1-2n_hom,predicted
L181,1-2n_hom,predicted
L214,1-2n_hom,predicted
L292,2n_het,predicted
L328,1-2n_hom,predicted
L461,1-2n_hom,predicted
L528,1-2n_hom,predicted
L557,1-2n_hom,predicted
L560,1-2n_hom,predicted
L561,2n_het,predicted
L564,1-2n_hom,predicted
L708,1-2n_hom,predicted
L709,1-2n_hom,predicted
L710,1-2n_hom,predicted
L711,1-2n_hom,predicted
L712,1-2n_hom,predicted
L715,1-2n_hom,predicted
L716,1-2n_hom,predicted
L719,1-2n_hom,predicted
L723,1-2n_hom,predicted
L725,2n_het,predicted
L742,1-2n_hom,predicted
L746,2n_het,predicted
L750,1-2n_hom,predicted
L753,1-2n_hom,predicted
L757,1-2n_hom,predicted
L758,1-2n_hom,predicted
L761,1-2n_hom,predicted
LA001,1-2n_hom,predicted
LA002,1-2n_hom,predicted
LJM21.1,3n,predicted
LJM21.10,3n,predicted
LJM21.3,3n,predicted
LJM21.9,3n,predicted
LJM6A.1,3n,predicted
LJM6A.4,3n,predicted
LJQ13.C7,2n_het,predicted
LJQ131.6,2n_het,predicted
LJQ13A.5,2n_het,predicted
LJQ13C.1,2n_het,predicted
LJZ22.1,2n_het,predicted
LM1-2,3n,predicted
LSF.1,3n,predicted
LY0177,1-2n_hom,predicted
LY0197,1-2n_hom,predicted
LY0200,1-2n_hom,predicted
LY0215,1-2n_hom,predicted
Laerdal-2,4n,predicted
LondonESB,1-2n_hom,predicted
Lostegard-1,4n,predicted
Lostegard-2,1-2n_hom,predicted
M22,1-2n_hom,predicted
MARARsf-A10,2n_het,predicted
MARARsf-E10,1-2n_hom,predicted
MARLIsf-C1,2n_het,predicted
MAUF1,2n_het,predicted
MAUF2,2n_het,predicted
MAUN3,2n_het,predicted
MAUN4,2n_het,predicted
MAUN5,2n_het,predicted
MB7c,1-2n_hom,predicted
MIX1,1-2n_hom,predicted
MIX2,1-2n_hom,predicted
MJQ3.1,2n_het,predicted
MLAF.1,3n,predicted
MPACLsf-B1,1-2n_hom,predicted
MPAPEsf-A12,1-2n_hom,predicted
MTF1152,2n_het,predicted
MTF1798,2n_het,predicted
MTF2247,1-2n_hom,predicted
MTF2248,1-2n_hom,predicted
MTF2249,2n_het,predicted
MTF2251,1-2n_hom,predicted
MTF2264,3n,predicted
MTF2331,1-2n_hom,predicted
MTF2333,2n_het,predicted
MTF2334,1-2n_hom,predicted
MTF2344,2n_het,predicted
MTF2350,3n,predicted
MTF2351,2n_het,predicted
MTF2352,2n_het,predicted
MTF2357,3n,predicted
MTF2359,1-2n_hom,predicted
MTF2368,1-2n_hom,predicted
MTF2370,2n_het,predicted
MTF2376,1-2n_hom,predicted
MTF2377,2n_het,predicted
MTF2380,1-2n_hom,predicted
MTF2383,1-2n_hom,predicted
MTF2386,2n_het,predicted
MTF2387,2n_het,predicted
MTF2388,1-2n_hom,predicted
MTF2397,4n,predicted
MTF2404,1-2n_hom,predicted
MTF2412,3n,predicted
MTF2413,2n_het,predicted
MTF2414,1-2n_hom,predicted
MTF2416,2n_het,predicted
MTF2417,1-2n_hom,predicted
MTF2418,1-2n_hom,predicted
MTF2419,1-2n_hom,predicted
MTF2421,1-2n_hom,predicted
MTF2432,2n_het,predicted
MTF2453,1-2n_hom,predicted
MTF789,1-2n_hom,predicted
MTF796,1-2n_hom,predicted
MTF838,2n_het,predicted
MTF889,1-2n_hom,predicted
MTJZ1,2n_het,predicted
MTJZ2,2n_het,predicted
MTJZ3,2n_het,predicted
MTJZ4,2n_het,predicted
MTKSBsf-A3,1-2n_hom,predicted
MTKSBsf-H10,1-2n_hom,predicted
MTKSKsf-E2,1-2n_hom,predicted
MTKSKsf-G9,2n_het,predicted
MTZ13.12,1-2n_hom,predicted
Malabar,1-2n_hom,predicted
Malabar-2,1-2n_hom,predicted
Marem-1,4n,predicted
Munich,1-2n_hom,predicted
Muntons,4n,predicted
N-10-S77,1-2n_hom,predicted
N-1S78,1-2n_hom,predicted
N-3-S74,1-2n_hom,predicted
N-5-S75,1-2n_hom,predicted
N-6-S76,2n_het,predicted
N-S73,2n_het,predicted
NCYC1001,2n_het,predicted
NCYC1004,1-2n_hom,predicted
NCYC1006,4n,predicted
NCYC1007,1-2n_hom,predicted
NCYC1010,4n,predicted
NCYC1017,1-2n_hom,predicted
NCYC1023,4n,predicted
NCYC1026,4n,predicted
NCYC1030,1-2n_hom,predicted
NCYC1033,1-2n_hom,predicted
NCYC1037,1-2n_hom,predicted
NCYC1044,4n,predicted
NCYC1052,4n,predicted
NCYC1055,4n,predicted
NCYC1063,1-2n_hom,predicted
NCYC1064,1-2n_hom,predicted
NCYC1064-2,4n,predicted
NCYC1072,4n,predicted
NCYC1097,1-2n_hom,predicted
NCYC110,1-2n_hom,predicted
NCYC1102,4n,predicted
NCYC1111,4n,predicted
NCYC1118,1-2n_hom,predicted
NCYC1132,2n_het,predicted
NCYC1147,4n,predicted
NCYC1151,1-2n_hom,predicted
NCYC1159,4n,predicted
NCYC1163,1-2n_hom,predicted
NCYC1167,1-2n_hom,predicted
NCYC1179,1-2n_hom,predicted
NCYC1183,4n,predicted
NCYC1190,4n,predicted
NCYC1199,4n,predicted
NCYC1211,4n,predicted
NCYC1218,1-2n_hom,predicted
NCYC1228,1-2n_hom,predicted
NCYC1240,1-2n_hom,predicted
NCYC1243,1-2n_hom,predicted
NCYC1245,4n,predicted
NCYC1260,2n_het,predicted
NCYC1264,2n_het,predicted
NCYC1270,1-2n_hom,predicted
NCYC1274,1-2n_hom,predicted
NCYC1280,4n,predicted
NCYC1283,4n,predicted
NCYC1286,1-2n_hom,predicted
NCYC1289,1-2n_hom,predicted
NCYC1292,2n_het,predicted
NCYC1298,1-2n_hom,predicted
NCYC1308,1-2n_hom,predicted
NCYC1311,4n,predicted
NCYC1315,1-2n_hom,predicted
NCYC1321,1-2n_hom,predicted
NCYC1337,1-2n_hom,predicted
NCYC1406,1-2n_hom,predicted
NCYC1407,2n_het,predicted
NCYC1408,1-2n_hom,predicted
NCYC1409,2n_het,predicted
NCYC1410,1-2n_hom,predicted
NCYC1413,1-2n_hom,predicted
NCYC1414,2n_het,predicted
NCYC1415,1-2n_hom,predicted
NCYC1444,4n,predicted
NCYC1529,2n_het,predicted
NCYC1603,4n,predicted
NCYC1681,4n,predicted
NCYC1765,1-2n_hom,predicted
NCYC232,2n_het,predicted
NCYC235,1-2n_hom,predicted
NCYC236,4n,predicted
NCYC2397,2n_het,predicted
NCYC2401,3n,predicted
NCYC2402,1-2n_hom,predicted
NCYC241,1-2n_hom,predicted
NCYC2517,1-2n_hom,predicted
NCYC2587,1-2n_hom,predicted
NCYC2592,1-2n_hom,predicted
NCYC2695,1-2n_hom,predicted
NCYC2733,4n,predicted
NCYC2737,1-2n_hom,predicted
NCYC2776,4n,predicted
NCYC2777,1-2n_hom,predicted
NCYC2778,2n_het,predicted
NCYC2779,2n_het,predicted
NCYC2780,1-2n_hom,predicted
NCYC2798,1-2n_hom,predicted
NCYC2855,1-2n_hom,predicted
NCYC2945,2n_het,predicted
NCYC2947,2n_het,predicted
NCYC2967,1-2n_hom,predicted
NCYC2974,4n,predicted
NCYC3025,2n_het,predicted
NCYC3026,1-2n_hom,predicted
NCYC3028,1-2n_hom,predicted
NCYC3030,2n_het,predicted
NCYC3031,2n_het,predicted
NCYC3032,2n_het,predicted
NCYC3033,2n_het,predicted
NCYC3035,2n_het,predicted
NCYC3036,2n_het,predicted
NCYC3037,1-2n_hom,predicted
NCYC3038,1-2n_hom,predicted
NCYC3039,2n_het,predicted
NCYC3051,2n_het,predicted
NCYC3052,2n_het,predicted
NCYC3076,2n_het,predicted
NCYC3077,2n_het,predicted
NCYC3114,2n_het,predicted
NCYC3121,2n_het,predicted
NCYC3122,2n_het,predicted
NCYC3123,1-2n_hom,predicted
NCYC3124,2n_het,predicted
NCYC3125,2n_het,predicted
NCYC3126,2n_het,predicted
NCYC3127,2n_het,predicted
NCYC3265,1-2n_hom,predicted
NCYC3311,1-2n_hom,predicted
NCYC3313,1-2n_hom,predicted
NCYC3314,1-2n_hom,predicted
NCYC3315,1-2n_hom,predicted
NCYC3318,1-2n_hom,predicted
NCYC3319,1-2n_hom,predicted
NCYC3324,2n_het,predicted
NCYC3325,1-2n_hom,predicted
NCYC3326,2n_het,predicted
NCYC3331,1-2n_hom,predicted
NCYC3333,1-2n_hom,predicted
NCYC3334,2n_het,predicted
NCYC3338,2n_het,predicted
NCYC3339,2n_het,predicted
NCYC3340,2n_het,predicted
NCYC3341,2n_het,predicted
NCYC3342,2n_het,predicted
NCYC3343,2n_het,predicted
NCYC3403,2n_het,predicted
NCYC3406,1-2n_hom,predicted
NCYC3445,1-2n_hom,predicted
NCYC3447,1-2n_hom,predicted
NCYC3448,1-2n_hom,predicted
NCYC3449,1-2n_hom,predicted
NCYC3455,1-2n_hom,predicted
NCYC3456,1-2n_hom,predicted
NCYC3457,1-2n_hom,predicted
NCYC3458,1-2n_hom,predicted
NCYC3460,1-2n_hom,predicted
NCYC3461,1-2n_hom,predicted
NCYC3462,1-2n_hom,predicted
NCYC3464,1-2n_hom,predicted
NCYC3465,2n_het,predicted
NCYC3467,2n_het,predicted
NCYC3470,1-2n_hom,predicted
NCYC3472,1-2n_hom,predicted
NCYC3486,1-2n_hom,predicted
NCYC3487,2n_het,predicted
NCYC3493,1-2n_hom,predicted
NCYC3497,2n_het,predicted
NCYC3498,2n_het,predicted
NCYC3499,2n_het,predicted
NCYC3510,1-2n_hom,predicted
NCYC3511,2n_het,predicted
NCYC3513,2n_het,predicted
NCYC3514,2n_het,predicted
NCYC3515,1-2n_hom,predicted
NCYC3516,2n_het,predicted
NCYC3521,1-2n_hom,predicted
NCYC3522,1-2n_hom,predicted
NCYC3523,2n_het,predicted
NCYC3528,2n_het,predicted
NCYC3529,1-2n_hom,predicted
NCYC3546,4n,predicted
NCYC3549,4n,predicted
NCYC3552,4n,predicted
NCYC3557,2n_het,predicted
NCYC356,1-2n_hom,predicted
NCYC357,2n_het,predicted
NCYC358,2n_het,predicted
NCYC360,1-2n_hom,predicted
NCYC361,1-2n_hom,predicted
NCYC361-2,2n_het,predicted
NCYC361-3,1-2n_hom,predicted
NCYC3612,1-2n_hom,predicted
NCYC363,1-2n_hom,predicted
NCYC3630,1-2n_hom,predicted
NCYC367,1-2n_hom,predicted
NCYC368,1-2n_hom,predicted
NCYC3997,1-2n_hom,predicted
NCYC401,1-2n_hom,predicted
NCYC4063,4n,predicted
NCYC4068,4n,predicted
NCYC4081,4n,predicted
NCYC430,1-2n_hom,predicted
NCYC478,4n,predicted
NCYC479,2n_het,predicted
NCYC482,2n_het,predicted
NCYC491,1-2n_hom,predicted
NCYC505,4n,predicted
NCYC609,1-2n_hom,predicted
NCYC619,2n_het,predicted
NCYC620,1-2n_hom,predicted
NCYC621,1-2n_hom,predicted
NCYC622,1-2n_hom,predicted
NCYC667,2n_het,predicted
NCYC672,1-2n_hom,predicted
NCYC684,2n_het,predicted
NCYC695,2n_het,predicted
NCYC70,3n,predicted
NCYC72,2n_het,predicted
NCYC74,2n_het,predicted
NCYC75,2n_het,predicted
NCYC76,2n_het,predicted
NCYC77,3n,predicted
NCYC78,1-2n_hom,predicted
NCYC79,2n_het,predicted
NCYC80,1-2n_hom,predicted
NCYC81,2n_het,predicted
NCYC816,2n_het,predicted
NCYC82,2n_het,predicted
NCYC826,1-2n_hom,predicted
NCYC83,3n,predicted
NCYC84,2n_het,predicted
NCYC85,1-2n_hom,predicted
NCYC86,2n_het,predicted
NCYC87,3n,predicted
NCYC88,1-2n_hom,predicted
NCYC89,3n,predicted
NCYC90,3n,predicted
NCYC91,1-2n_hom,predicted
NCYC92,2n_het,predicted
NCYC93,1-2n_hom,predicted
NCYC95,2n_het,predicted
NCYC956,1-2n_hom,predicted
NCYC96,1-2n_hom,predicted
NCYC963,1-2n_hom,predicted
NCYC97,1-2n_hom,predicted
NCYC996,3n,predicted
NGS21L.1,1-2n_hom,predicted
NIGF1,2n_het,predicted
NIGF10,1-2n_hom,predicted
NIGF12,1-2n_hom,predicted
NIGF2,2n_het,predicted
NIGF3,2n_het,predicted
NIGF4,1-2n_hom,predicted
NIGF5,2n_het,predicted
NIGF6,1-2n_hom,predicted
NIGF7,2n_het,predicted
NIGF8,2n_het,predicted
NIGN11,1-2n_hom,predicted
NIGN9,2n_het,predicted
NNEMAsf-G8,1-2n_hom,predicted
NPC-HighfoamSuperbrew,1-2n_hom,predicted
NQ13-1,3n,predicted
NRRL,1-2n_hom,predicted
NRRL-Y-11572,1-2n_hom,predicted
NRRL-Y-12844,2n_het,predicted
NRRL-YB-4084,1-2n_hom,predicted
NSEBRsf-A9,2n_het,predicted
NSEBRsf-C5,2n_het,predicted
NSECHsf-F2,1-2n_hom,predicted
NSEERsf-G8,2n_het,predicted
NSERVsf-F8,2n_het,predicted
NSERVsf-H8,2n_het,predicted
NSEWIsf-H11,1-2n_hom,predicted
NX1,1-2n_hom,predicted
NX2,1-2n_hom,predicted
NX3,1-2n_hom,predicted
NX4.1,1-2n_hom,predicted
NX7.1,3n,predicted
NX8.1,2n_het,predicted
NX8.3,3n,predicted
Nottingham,1-2n_hom,predicted
NottinghamA,2n_het,predicted
O-1S83,1-2n_hom,predicted
O-1S84,1-2n_hom,predicted
O-3-S80,1-2n_hom,predicted
O-6-S81,1-2n_hom,predicted
O-7-S82,2n_het,predicted
O-S79,1-2n_hom,predicted
OCP007,2n_het,predicted
OCP032,2n_het,predicted
OCP041,1-2n_hom,predicted
OCP048,1-2n_hom,predicted
OCP080-2,1-2n_hom,predicted
OCP088,1-2n_hom,predicted
OCP090,1-2n_hom,predicted
OCP095,1-2n_hom,predicted
OCP107,2n_het,predicted
OCP112,1-2n_hom,predicted
OCP113,1-2n_hom,predicted
OCP116,1-2n_hom,predicted
OCP125,1-2n_hom,predicted
OCP128,2n_het,predicted
OCP138,2n_het,predicted
OCP176,2n_het,predicted
OCP177,2n_het,predicted
OCP191,2n_het,predicted
OCP193,2n_het,predicted
OCP204,2n_het,predicted
OCP206,2n_het,predicted
OCP210,2n_het,predicted
OCP212,2n_het,predicted
OCP216,2n_het,predicted
OCP225,1-2n_hom,predicted
OCP226,1-2n_hom,predicted
OCP245,2n_het,predicted
OCP251,2n_het,predicted
OCP279,2n_het,predicted
OCP281,2n_het,predicted
OCP284,2n_het,predicted
OCP295,2n_het,predicted
OCP298-2,2n_het,predicted
OK047,1-2n_hom,predicted
OK182,1-2n_hom,predicted
OK188,1-2n_hom,predicted
OK200,1-2n_hom,predicted
P-1S90,1-2n_hom,predicted
P-4-S86,2n_het,predicted
P-7-S87,1-2n_hom,predicted
P-8-S88,2n_het,predicted
P-S85,1-2n_hom,predicted
P-x-S89,2n_het,predicted
P100A04,1-2n_hom,predicted
P104A01,1-2n_hom,predicted
P107C11,2n_het,predicted
P109A01,1-2n_hom,predicted
P14-B7-S129,2n_het,predicted
P14-C1S159,1-2n_hom,predicted
P14-D7-S52,1-2n_hom,predicted
P14-DS109,2n_het,predicted
P14-F7-S112,2n_het,predicted
P14-H10-S165,1-2n_hom,predicted
P15-A7-S46,2n_het,predicted
P15-C7-S151,2n_het,predicted
P15-D5-S157,2n_het,predicted
P15-E3-S83,1-2n_hom,predicted
P15-F7-S71,1-2n_hom,predicted
P15-H5-S139,1-2n_hom,predicted
P16-A10-S121,1-2n_hom,predicted
P16-A1S49,2n_het,predicted
P16-A7-S153,1-2n_hom,predicted
P16-A8-S116,1-2n_hom,predicted
P16-CS7,2n_het,predicted
P16-E7-S108,2n_het,predicted
P16-F1S91,2n_het,predicted
P16-F5-S43,1-2n_hom,predicted
P16-H6-S142,2n_het,predicted
P20-A3-S22,1-2n_hom,predicted
P20-A5-S148,1-2n_hom,predicted
P20-A9-S127,2n_het,predicted
P20-AS111,2n_het,predicted
P20-AS47,1-2n_hom,predicted
P20-B8-S92,1-2n_hom,predicted
P20-C1S156,1-2n_hom,predicted
P20-F10-S154,2n_het,predicted
P20-F4-S124,1-2n_hom,predicted
P20-H5-S19,1-2n_hom,predicted
P23-C10-S169,2n_het,predicted
P23-C5-S134,1-2n_hom,predicted
P23-D1S150,2n_het,predicted
P23-FS45,2n_het,predicted
P23-G1S158,1-2n_hom,predicted
P23-G9-S41,2n_het,predicted
P24-A8-S8,2n_het,predicted
P24-B5-S16,1-2n_hom,predicted
P24-B6-S42,2n_het,predicted
P24-C9-S164,1-2n_hom,predicted
P24-ES100,2n_het,predicted
P24-H3-S38,1-2n_hom,predicted
P24-H5-S138,1-2n_hom,predicted
P25-AS75,1-2n_hom,predicted
P25-B3-S76,2n_het,predicted
P25-C1S133,1-2n_hom,predicted
P25-C3-S168,1-2n_hom,predicted
P25-G9-S40,1-2n_hom,predicted
P25-GS29,1-2n_hom,predicted
P28-CS114,2n_het,predicted
P28-D1S32,2n_het,predicted
P28-ES80,1-2n_hom,predicted
P28-F9-S123,1-2n_hom,predicted
P28-G8-S51,1-2n_hom,predicted
P28-HS17,1-2n_hom,predicted
P2BS78,2n_het,predicted
P2E10-S146,2n_het,predicted
P2F9-S56,1-2n_hom,predicted
P2H10-S35,1-2n_hom,predicted
P2H6-S58,2n_het,predicted
P3-D5,1-2n_hom,predicted
P34-C10-S33,1-2n_hom,predicted
P34-CS135,1-2n_hom,predicted
P34-E10-S67,2n_het,predicted
P34-ES59,1-2n_hom,predicted
P34-FS107,2n_het,predicted
P34-H1S61,1-2n_hom,predicted
P3A3-S143,2n_het,predicted
P3A9-S64,1-2n_hom,predicted
P3B10-S117,1-2n_hom,predicted
P3C1S72,1-2n_hom,predicted
P3D4-S131,2n_het,predicted
P3DS137,1-2n_hom,predicted
P3ES94,1-2n_hom,predicted
P3F7-S37,1-2n_hom,predicted
P3G4-S1,2n_het,predicted
P3G7-S57,1-2n_hom,predicted
P3H1S44,2n_het,predicted
P3HS118,1-2n_hom,predicted
P44-A5-S3,2n_het,predicted
P44-D1S53,1-2n_hom,predicted
P44-ES122,1-2n_hom,predicted
P44-G1S24,1-2n_hom,predicted
P44-G6-S103,2n_het,predicted
P44-H8-S98,1-2n_hom,predicted
P48-C5-S162,1-2n_hom,predicted
P48-F5-S149,1-2n_hom,predicted
P48-F6-S155,1-2n_hom,predicted
P48-H1S132,2n_het,predicted
P48-H3-S73,1-2n_hom,predicted
P49-A3-S81,1-2n_hom,predicted
P49-C7-S12,2n_het,predicted
P49-E1S14,2n_het,predicted
P49-F7-S11,1-2n_hom,predicted
P49-FS5,2n_het,predicted
P49-G1S105,1-2n_hom,predicted
P5-A9-S120,1-2n_hom,predicted
P5-B1S128,1-2n_hom,predicted
P5-BS70,1-2n_hom,predicted
P5-D5-S18,1-2n_hom,predicted
P5-E4-S77,2n_het,predicted
P5-G7-S106,1-2n_hom,predicted
P53-A9-S74,1-2n_hom,predicted
P53-C5-S104,1-2n_hom,predicted
P53-CS126,1-2n_hom,predicted
P53-E8-S141,2n_het,predicted
P53-F1S95,1-2n_hom,predicted
P53-G6-S50,1-2n_hom,predicted
P55-C5-S130,1-2n_hom,predicted
P55-E8-S160,1-2n_hom,predicted
P55-F1S84,2n_het,predicted
P55-G9-S125,2n_het,predicted
P55-GS27,1-2n_hom,predicted
P55-H5-S89,1-2n_hom,predicted
P5CS39,1-2n_hom,predicted
P5D1S96,1-2n_hom,predicted
P5DS152,1-2n_hom,predicted
P5F1S28,1-2n_hom,predicted
P5H1S93,1-2n_hom,predicted
P5H4-S85,2n_het,predicted
P6-A10-S48,1-2n_hom,predicted
P6-A4-S31,1-2n_hom,predicted
P6-BS21,1-2n_hom,predicted
P6-C4-S66,1-2n_hom,predicted
P6-C9-S4,1-2n_hom,predicted
P6-FS166,1-2n_hom,predicted
P68-A1S101,1-2n_hom,predicted
P68-A8-S88,1-2n_hom,predicted
P68-D8-S113,2n_het,predicted
P68-G10-S25,1-2n_hom,predicted
P68-H3-S63,1-2n_hom,predicted
P68-HS161,2n_het,predicted
P70-C8-S140,2n_het,predicted
P70-CS86,1-2n_hom,predicted
P70-DS10,2n_het,predicted
P70-E4-S26,2n_het,predicted
P70-F1S34,1-2n_hom,predicted
P70-G8-S119,1-2n_hom,predicted
P73-A10-S15,2n_het,predicted
P73-C1S136,2n_het,predicted
P73-C8-S87,2n_het,predicted
P73-F5-S62,2n_het,predicted
P73-H10-S69,2n_het,predicted
P87B02,2n_het,predicted
P93A01,3n,predicted
P93F02,3n,predicted
PA9-S82,1-2n_hom,predicted
PAS99,1-2n_hom,predicted
PD01B,1-2n_hom,predicted
PD02A,1-2n_hom,predicted
PD03A,1-2n_hom,predicted
PD04A,1-2n_hom,predicted
PD05B,1-2n_hom,predicted
PD06A,1-2n_hom,predicted
PD07A,1-2n_hom,predicted
PD08A,1-2n_hom,predicted
PD09A,1-2n_hom,predicted
PD10A,1-2n_hom,predicted
PD11A,1-2n_hom,predicted
PD12A,1-2n_hom,predicted
PD13B,1-2n_hom,predicted
PD14A,1-2n_hom,predicted
PD15A,1-2n_hom,predicted
PD16A,1-2n_hom,predicted
PD17A,1-2n_hom,predicted
PD18A,1-2n_hom,predicted
PD19A,1-2n_hom,predicted
PD20A,1-2n_hom,predicted
PD21B,1-2n_hom,predicted
PD22A,1-2n_hom,predicted
PD23A,1-2n_hom,predicted
PD24A,1-2n_hom,predicted
PD25A,1-2n_hom,predicted
PD26A,1-2n_hom,predicted
PD27A,1-2n_hom,predicted
PD281,1-2n_hom,predicted
PD29A,1-2n_hom,predicted
PD30A,1-2n_hom,predicted
PD31A,1-2n_hom,predicted
PD32A,1-2n_hom,predicted
PD34A,1-2n_hom,predicted
PD34A-2,1-2n_hom,predicted
PD35A,1-2n_hom,predicted
PD36A,1-2n_hom,predicted
PD37B,1-2n_hom,predicted
PD38A,1-2n_hom,predicted
PD39A,2n_het,predicted
PD4-S54,1-2n_hom,predicted
PD40A,1-2n_hom,predicted
PD41A,1-2n_hom,predicted
PE8-S167,1-2n_hom,predicted
PGS13,2n_het,predicted
PH1S79,1-2n_hom,predicted
PYCC-4226,1-2n_hom,predicted
PYR4e,1-2n_hom,predicted
PasteurRed,1-2n_hom,predicted
Pf-1,4n,predicted
Platinum,1-2n_hom,predicted
Ponton-11,2n_het,predicted
Ponton-12,2n_het,predicted
Ponton-13,3n,predicted
Pundurs-1,1-2n_hom,predicted
Pundurs-2,3n,predicted
Q-1S96,1-2n_hom,predicted
Q-3-S92,1-2n_hom,predicted
Q-4-S93,1-2n_hom,predicted
Q-5-S94,2n_het,predicted
Q-9-S95,1-2n_hom,predicted
Q-S91,2n_het,predicted
QH1-3,3n,predicted
QH1.1,2n_het,predicted
QH2.1,2n_het,predicted
QH21-3,3n,predicted
QH25-4,3n,predicted
QH3.1,2n_het,predicted
QH45-2,3n,predicted
QH6.5,2n_het,predicted
QH7.2,2n_het,predicted
QH7.3,3n,predicted
QH7.4,2n_het,predicted
R-1S102,2n_het,predicted
R-3-S98,1-2n_hom,predicted
R-5-S99,2n_het,predicted
R-7-S100,1-2n_hom,predicted
R-9-S101,2n_het,predicted
R-S97,1-2n_hom,predicted
REG1B-25A,1-2n_hom,predicted
RG01,1-2n_hom,predicted
RG02,2n_het,predicted
RG03,2n_het,predicted
RG04,2n_het,predicted
RG05,2n_het,predicted
RG06,1-2n_hom,predicted
RG08,1-2n_hom,predicted
RG09,2n_het,predicted
RG10,2n_het,predicted
RG11,1-2n_hom,predicted
RG12,2n_het,predicted
RM11,1-2n_hom,predicted
RM11-1A,1-2n_hom,predicted
Rakstins-1,4n,predicted
Rakstins-2,4n,predicted
RedStar,2n_het,predicted
Rima-1,1-2n_hom,predicted
Rima-2,1-2n_hom,predicted
S-10-S107,2n_het,predicted
S-1S108,2n_het,predicted
S-33,1-2n_hom,predicted
S-4-S104,2n_het,predicted
S-5-S105,2n_het,predicted
S-8-S106,2n_het,predicted
S-EM-115,2n_het,predicted
S-EM-129,2n_het,predicted
S-EM-251,1-2n_hom,predicted
S-EM-294,1-2n_hom,predicted
S-EM-320,1-2n_hom,predicted
S-EM-353,2n_het,predicted
S-S103,1-2n_hom,predicted
S1,1-2n_hom,predicted
S10,1-2n_hom,predicted
S11,1-2n_hom,predicted
S12,1-2n_hom,predicted
S13,1-2n_hom,predicted
S14,1-2n_hom,predicted
S15,1-2n_hom,predicted
S16,1-2n_hom,predicted
S17,1-2n_hom,predicted
S18,1-2n_hom,predicted
S2,1-2n_hom,predicted
S288C,1-2n_hom,predicted
S288C-2,2n_het,predicted
S288c,1-2n_hom,predicted
S288c-2,1-2n_hom,predicted
S3,1-2n_hom,predicted
S4,1-2n_hom,predicted
S5,1-2n_hom,predicted
S6,1-2n_hom,predicted
S7,1-2n_hom,predicted
S8,1-2n_hom,predicted
S9,1-2n_hom,predicted
SA001,2n_het,predicted
SA002,2n_het,predicted
SA003,2n_het,predicted
SA004,2n_het,predicted
SA005,2n_het,predicted
SA006,2n_het,predicted
SA007,2n_het,predicted
SA1,1-2n_hom,predicted
SAF1,3n,predicted
SAF2,3n,predicted
SAF26,2n_het,predicted
SAF27,2n_het,predicted
SAF28,2n_het,predicted
SAF29,2n_het,predicted
SAF3,3n,predicted
SAF4,3n,predicted
SAF5,3n,predicted
SAN10,2n_het,predicted
SAN11,3n,predicted
SAN12,3n,predicted
SAN13,3n,predicted
SAN14,2n_het,predicted
SAN15,2n_het,predicted
SAN16,2n_het,predicted
SAN17,2n_het,predicted
SAN18,2n_het,predicted
SAN19,2n_het,predicted
SAN20,2n_het,predicted
SAN21,2n_het,predicted
SAN22,3n,predicted
SAN23,2n_het,predicted
SAN24,2n_het,predicted
SAN25,2n_het,predicted
SAN30,2n_het,predicted
SAN31,2n_het,predicted
SAN32,2n_het,predicted
SAN33,2n_het,predicted
SAN6,1-2n_hom,predicted
SAN7,3n,predicted
SAN8,2n_het,predicted
SAN9,2n_het,predicted
SBV001,1-2n_hom,predicted
SBV007,1-2n_hom,predicted
SBV011-1,2n_het,predicted
SBV011-2,1-2n_hom,predicted
SBV014,1-2n_hom,predicted
SBV015,1-2n_hom,predicted
SBV016,1-2n_hom,predicted
SBV017,2n_het,predicted
SBV033,1-2n_hom,predicted
SBV034,1-2n_hom,predicted
SBV040,1-2n_hom,predicted
SBV041,1-2n_hom,predicted
SBV050,1-2n_hom,predicted
SBV051,1-2n_hom,predicted
SBV055,1-2n_hom,predicted
SBV057,1-2n_hom,predicted
SBV058,1-2n_hom,predicted
SBV073,1-2n_hom,predicted
SBV074,1-2n_hom,predicted
SBV087,1-2n_hom,predicted
SBV090,1-2n_hom,predicted
SBV139,1-2n_hom,predicted
SBV151,1-2n_hom,predicted
SBV154,1-2n_hom,predicted
SBV155,2n_het,predicted
SBV171,2n_het,predicted
SBV173,1-2n_hom,predicted
SBV178,1-2n_hom,predicted
SBV180,2n_het,predicted
SBV185,1-2n_hom,predicted
SBV197,1-2n_hom,predicted
SC-29,2n_het,predicted
SC-32,2n_het,predicted
SCIMDO050523,2n_het,predicted
SCN1,2n_het,predicted
SCN2,2n_het,predicted
SCN3,2n_het,predicted
SCN4,2n_het,predicted
SCN5,2n_het,predicted
SCN6,2n_het,predicted
SCN7,2n_het,predicted
SCN8,2n_het,predicted
SCN9,2n_het,predicted
SD085,1-2n_hom,predicted
SD1,1-2n_hom,predicted
SD1-2,1-2n_hom,predicted
SD2,1-2n_hom,predicted
SD3,1-2n_hom,predicted
SD4,1-2n_hom,predicted
SDN1,2n_het,predicted
SDO2s1,1-2n_hom,predicted
SDO3s1,1-2n_hom,predicted
SDO6s1,1-2n_hom,predicted
SDO8s1,1-2n_hom,predicted
SDU1,2n_het,predicted
SEY6210,1-2n_hom,predicted
SG60,2n_het,predicted
SGU165-50A,1-2n_hom,predicted
SHXU1,1-2n_hom,predicted
SK1,1-2n_hom,predicted
SK1-2,1-2n_hom,predicted
SK1-3,2n_het,predicted
SK1-4,1-2n_hom,predicted
SM69s1,1-2n_hom,predicted
SON4c,1-2n_hom,predicted
SP001,4n,predicted
SP002,2n_het,predicted
SP003,4n,predicted
SP004,2n_het,predicted
SP005,4n,predicted
SP006,1-2n_hom,predicted
SP007,3n,predicted
SP008,3n,predicted
SP009,4n,predicted
SP010,3n,predicted
SP011,2n_het,predicted
SPA0342,1-2n_hom,predicted
SPA0344,1-2n_hom,predicted
SPA0348,1-2n_hom,predicted
SPA0354,1-2n_hom,predicted
SPA0356,1-2n_hom,predicted
SPA0359,1-2n_hom,predicted
SPA0366,1-2n_hom,predicted
SR09,1-2n_hom,predicted
SR10,1-2n_hom,predicted
SR11,1-2n_hom,predicted
SR12,1-2n_hom,predicted
SR13,1-2n_hom,predicted
SR14,1-2n_hom,predicted
SR15,1-2n_hom,predicted
SR16,1-2n_hom,predicted
SR17,1-2n_hom,predicted
SR18,1-2n_hom,predicted
SR19,1-2n_hom,predicted
SR20,1-2n_hom,predicted
SR21,1-2n_hom,predicted
SR22,1-2n_hom,predicted
SR23,1-2n_hom,predicted
SR24,2n_het,predicted
SR25,2n_het,predicted
SR26,1-2n_hom,predicted
SR27,1-2n_hom,predicted
SR28,1-2n_hom,predicted
SRC-120,1-2n_hom,predicted
SRC-147,1-2n_hom,predicted
SRC-213,1-2n_hom,predicted
STG-1,1-2n_hom,predicted
STG-2,1-2n_hom,predicted
STG-3,1-2n_hom,predicted
SX1,1-2n_hom,predicted
SX10,1-2n_hom,predicted
SX11,1-2n_hom,predicted
SX2,1-2n_hom,predicted
SX3,1-2n_hom,predicted
SX35,1-2n_hom,predicted
SX4,1-2n_hom,predicted
SX5,1-2n_hom,predicted
SX6,1-2n_hom,predicted
SX6-2,1-2n_hom,predicted
SX7,1-2n_hom,predicted
SX8,1-2n_hom,predicted
SX9,1-2n_hom,predicted
SXJM1.1,1-2n_hom,predicted
SXJM4.1,3n,predicted
SXJM6.6,2n_het,predicted
SXJM9.5,3n,predicted
SXQ1,2n_het,predicted
SXQ10,2n_het,predicted
SXQ2,2n_het,predicted
SXQ3,2n_het,predicted
SXQ4,2n_het,predicted
SXQ5,3n,predicted
SXQ6,3n,predicted
SXQ7,2n_het,predicted
SXQ8,3n,predicted
SXQ9,2n_het,predicted
Safale-S40,4n,predicted
SafaleK-97,1-2n_hom,predicted
SafaleS-04,1-2n_hom,predicted
SafaleS-05,1-2n_hom,predicted
Safbrew-T-58,1-2n_hom,predicted
Sgu165,2n_het,predicted
Sgu421,1-2n_hom,predicted
Sgu90,2n_het,predicted
Skrindo-2,1-2n_hom,predicted
Skrindo-5,1-2n_hom,predicted
Soil7-1,1-2n_hom,predicted
Sol7-2,1-2n_hom,predicted
Stordal-Ebbegarden-1,4n,predicted
T-10-S114,1-2n_hom,predicted
T-4-S110,1-2n_hom,predicted
T-5-S111,2n_het,predicted
T-58,1-2n_hom,predicted
T-8-S112,2n_het,predicted
T-9-S113,1-2n_hom,predicted
T-S109,1-2n_hom,predicted
T.52-2H,2n_het,predicted
T.52-3A,2n_het,predicted
T.52-3C,1-2n_hom,predicted
T.52-5A,2n_het,predicted
T.52-5E,1-2n_hom,predicted
T1-P1-D08-S34,1-2n_hom,predicted
T1-P2-E04-S58,1-2n_hom,predicted
T1-P2-E0S50,2n_het,predicted
T16,1-2n_hom,predicted
T2-P2-E0S12,1-2n_hom,predicted
T2-P2-F0S20,1-2n_hom,predicted
T2-P2-G0S36,2n_het,predicted
T52,2n_het,predicted
T52-27,2n_het,predicted
T63,2n_het,predicted
T73,2n_het,predicted
T78,1-2n_hom,predicted
T8,2n_het,predicted
TA12-2,1-2n_hom,predicted
TC8-9,2n_het,predicted
TL229,2n_het,predicted
TNPLST-4-S-2,1-2n_hom,predicted
TS12-A7,2n_het,predicted
TSY,2n_het,predicted
TUM-127,1-2n_hom,predicted
TUM-148,1-2n_hom,predicted
TUM-149,1-2n_hom,predicted
TUM-165,1-2n_hom,predicted
TUM-174,1-2n_hom,predicted
TUM-175,1-2n_hom,predicted
TUM-177,1-2n_hom,predicted
TUM-184,2n_het,predicted
TUM-205,1-2n_hom,predicted
TUM-208,1-2n_hom,predicted
TUM-210,1-2n_hom,predicted
TUM-211,1-2n_hom,predicted
TUM-213,1-2n_hom,predicted
TUM-308,1-2n_hom,predicted
TUM-338,1-2n_hom,predicted
TUM-380,2n_het,predicted
TUM-381,1-2n_hom,predicted
TUM-480,2n_het,predicted
TUM-503,1-2n_hom,predicted
TUM-506,1-2n_hom,predicted
TUM-507,1-2n_hom,predicted
TUM-508,1-2n_hom,predicted
TUM-510,1-2n_hom,predicted
TUM-511,1-2n_hom,predicted
TUM-513,1-2n_hom,predicted
TUM-68,1-2n_hom,predicted
TY1.4,3n,predicted
TY1.5,3n,predicted
TY2.1,3n,predicted
TY3.9,3n,predicted
Tinn-1,1-2n_hom,predicted
Tinn-2,2n_het,predicted
Tormodgarden-1,4n,predicted
U-10-S131,1-2n_hom,predicted
U-5-S128,1-2n_hom,predicted
U-8-S129,2n_het,predicted
U-9-S130,1-2n_hom,predicted
U-S115,2n_het,predicted
U-S127,1-2n_hom,predicted
UC1,1-2n_hom,predicted
UC8,1-2n_hom,predicted
UCD51,1-2n_hom,predicted
UL-G84F88I90,2n_het,predicted
US-05,1-2n_hom,predicted
UWO-03-433.3,1-2n_hom,predicted
UWOPS03-461.4-2,1-2n_hom,predicted
UWOPS034614,1-2n_hom,predicted
UWOPS05-217-3,1-2n_hom,predicted
UWOPS05-217-3-2,1-2n_hom,predicted
UWOPS05-217.3,1-2n_hom,predicted
UWOPS05-227-2,1-2n_hom,predicted
UWOPS05-227.2,1-2n_hom,predicted
UWOPS83-787-3,1-2n_hom,predicted
UWOPS83-787.3,1-2n_hom,predicted
UWOPS87-2421,1-2n_hom,predicted
UWOPS87-2421-2,1-2n_hom,predicted
UWOPS96-6,2n_het,predicted
V-10-S119,1-2n_hom,predicted
V-1S120,1-2n_hom,predicted
V-3-S116,1-2n_hom,predicted
V-5-S117,1-2n_hom,predicted
V-7-S118,1-2n_hom,predicted
V-S132,1-2n_hom,predicted
Vabalninkas-1,4n,predicted
VelF,2n_het,predicted
Vermont,4n,predicted
Vikintas,4n,predicted
Voss-1,4n,predicted
W-S121,2n_het,predicted
W-S122,2n_het,predicted
W.WLP045,1-2n_hom,predicted
W303,1-2n_hom,predicted
W303-2,1-2n_hom,predicted
WA-C-CODDINGTON-2,2n_het,predicted
WA-C-KINGSMILL-10,2n_het,predicted
WA-C-MATES-10,1-2n_hom,predicted
WA-C-MATES-13,1-2n_hom,predicted
WA-C-WAITAKEREROAD-7,2n_het,predicted
WA-WaitakereRd-4,2n_het,predicted
WB-06,2n_het,predicted
WCHLOsf-A9,2n_het,predicted
WCHLOsf-H2,1-2n_hom,predicted
WCHSAsf-D6,2n_het,predicted
WDEOBsf-C7,1-2n_hom,predicted
WDEOBsfP-A2,2n_het,predicted
WE372,1-2n_hom,predicted
WHUHUsf-G11,2n_het,predicted
WI-C-MB95MBMZ-4,1-2n_hom,predicted
WI-C-MBSP-15,1-2n_hom,predicted
WI-C-MBSP-4,2n_het,predicted
WI-S-JASA-13,2n_het,predicted
WI-S-JASA-5,1-2n_hom,predicted
WI-S-OAKURA-4,1-2n_hom,predicted
WI001,2n_het,predicted
WI002,1-2n_hom,predicted
WI003,2n_het,predicted
WI004,2n_het,predicted
WI005,2n_het,predicted
WI006,1-2n_hom,predicted
WI007,2n_het,predicted
WI008,2n_het,predicted
WI009,2n_het,predicted
WI010,2n_het,predicted
WI011,2n_het,predicted
WI012,4n,predicted
WI013,2n_het,predicted
WI014,2n_het,predicted
WI015,1-2n_hom,predicted
WI016,2n_het,predicted
WI017,2n_het,predicted
WI018,2n_het,predicted
WI019,1-2n_hom,predicted
WJM5.2,3n,predicted
WJZ1.2,3n,predicted
WL001,2n_het,predicted
WL002,1-2n_hom,predicted
WL003,2n_het,predicted
WL004,1-2n_hom,predicted
WL005,4n,predicted
WL006,4n,predicted
WL007,4n,predicted
WL008,1-2n_hom,predicted
WL010,2n_het,predicted
WL011,1-2n_hom,predicted
WL012,2n_het,predicted
WL013,1-2n_hom,predicted
WL014,4n,predicted
WL015,1-2n_hom,predicted
WL016,2n_het,predicted
WL1,3n,predicted
WL2,3n,predicted
WL3,3n,predicted
WL4,3n,predicted
WLP001,4n,predicted
WLP001-2,4n,predicted
WLP002,4n,predicted
WLP004,1-2n_hom,predicted
WLP004-2,4n,predicted
WLP006-3.3-Safale-S-33,4n,predicted
WLP013,4n,predicted
WLP013-26-Windsor-British,4n,predicted
WLP023,1-2n_hom,predicted
WLP028,1-2n_hom,predicted
WLP039,4n,predicted
WLP090,1-2n_hom,predicted
WLP090-2,4n,predicted
WLP099,2n_het,predicted
WLP099-2,2n_het,predicted
WLP300,2n_het,predicted
WLP380,1-2n_hom,predicted
WLP500,1-2n_hom,predicted
WLP530,4n,predicted
WLP550,1-2n_hom,predicted
WLP565-3.4-Safbrew-T-58,4n,predicted
WLP570,2n_het,predicted
WLP570-2,2n_het,predicted
WLP705,1-2n_hom,predicted
WLP775,2n_het,predicted
WLP800,1-2n_hom,predicted
WLP862,1-2n_hom,predicted
WM11-3,3n,predicted
WM7-1,2n_het,predicted
WMRMRsf-A9,1-2n_hom,predicted
WPRBOsf-B4,2n_het,predicted
WPRSQsf-F2,1-2n_hom,predicted
WPRSQsf-G2,1-2n_hom,predicted
WSEHOsf-B10,2n_het,predicted
WSEHOsf-D1,2n_het,predicted
WSERCsf-C6,2n_het,predicted
WSERCsf-G4,1-2n_hom,predicted
WSETAsf-A2,2n_het,predicted
WSETAwf-B1,1-2n_hom,predicted
WTETEsf-A10,2n_het,predicted
WTETEsf-C10,2n_het,predicted
WVBVBsf-B2,2n_het,predicted
WY1026,1-2n_hom,predicted
WY1028,1-2n_hom,predicted
WY1084,1-2n_hom,predicted
WY3787,1-2n_hom,predicted
Weiss,1-2n_hom,predicted
WhiskyPure,2n_het,predicted
White,1-2n_hom,predicted
Windsor,1-2n_hom,predicted
Wy1007,1-2n_hom,predicted
Wy1318,1-2n_hom,predicted
Wy3463,1-2n_hom,predicted
Wy4766,1-2n_hom,predicted
X2180-1A,2n_het,predicted
XI02,1-2n_hom,predicted
XI04,1-2n_hom,predicted
XI07,2n_het,predicted
XJ1,1-2n_hom,predicted
XJ2,2n_het,predicted
XJ3,1-2n_hom,predicted
XJ4,1-2n_hom,predicted
XJ5,1-2n_hom,predicted
XJ6,1-2n_hom,predicted
XJ7,1-2n_hom,predicted
XJ7.3,2n_het,predicted
XJN1,2n_het,predicted
XJN2,2n_het,predicted
XJN3,2n_het,predicted
XST,1-2n_hom,predicted
XXY26L.1,1-2n_hom,predicted
XXY30L.2,1-2n_hom,predicted
XXYS1.4,1-2n_hom,predicted
XXYS14.1,1-2n_hom,predicted
XZ10.1,2n_het,predicted
XZ2.1,2n_het,predicted
XZ3.1,2n_het,predicted
XZ4.1,2n_het,predicted
XZ4.2,2n_het,predicted
XZ7,2n_het,predicted
Xl06,1-2n_hom,predicted
Y1-P1-A06-S52,1-2n_hom,predicted
Y1-P1-A0S44,1-2n_hom,predicted
Y1-P2-A0S45,1-2n_hom,predicted
Y1-P2-H03-S14,1-2n_hom,predicted
Y12,1-2n_hom,predicted
Y12-2,1-2n_hom,predicted
Y13EU,2n_het,predicted
Y2-P2-A10-S55,1-2n_hom,predicted
Y2-P2-E04-S7,1-2n_hom,predicted
Y2-P2-G07-S16,1-2n_hom,predicted
Y215-SP9,1-2n_hom,predicted
Y223-PEW01,2n_het,predicted
Y228-SP1,1-2n_hom,predicted
Y251-SC1,1-2n_hom,predicted
Y255,1-2n_hom,predicted
Y257,1-2n_hom,predicted
Y260,1-2n_hom,predicted
Y262,1-2n_hom,predicted
Y263,1-2n_hom,predicted
Y264,1-2n_hom,predicted
Y266,1-2n_hom,predicted
Y3,1-2n_hom,predicted
Y3-P1-A0S32,1-2n_hom,predicted
Y3-P1-C04-S40,1-2n_hom,predicted
Y3-P1-E09-S56,1-2n_hom,predicted
Y3-P1-G08-S17,1-2n_hom,predicted
Y3-P2-C04-S41,1-2n_hom,predicted
Y3-P2-G1S9,1-2n_hom,predicted
Y455,1-2n_hom,predicted
Y456,1-2n_hom,predicted
Y457,1-2n_hom,predicted
Y461,1-2n_hom,predicted
Y462,1-2n_hom,predicted
Y463,1-2n_hom,predicted
Y464,1-2n_hom,predicted
Y55,1-2n_hom,predicted
Y55-2,1-2n_hom,predicted
Y55-3,1-2n_hom,predicted
Y6,1-2n_hom,predicted
Y617-JB03,1-2n_hom,predicted
Y618-JP79,1-2n_hom,predicted
Y619-JP107,1-2n_hom,predicted
Y620-V68,1-2n_hom,predicted
Y621-V152,1-2n_hom,predicted
Y622-PE3,2n_het,predicted
Y623-CAY44,1-2n_hom,predicted
Y624-CAY1834,1-2n_hom,predicted
Y625-CAY2170,1-2n_hom,predicted
Y627-RJ1,1-2n_hom,predicted
Y628-RJ15,1-2n_hom,predicted
Y629-RJW03,1-2n_hom,predicted
Y630-SC3,1-2n_hom,predicted
Y631-SC7,1-2n_hom,predicted
Y632-TO1,2n_het,predicted
Y633-T09,1-2n_hom,predicted
Y634-TOC1301,2n_het,predicted
Y635-TOC1346,2n_het,predicted
Y636,1-2n_hom,predicted
Y637-PE6,1-2n_hom,predicted
Y638-TOC1309,1-2n_hom,predicted
Y639,1-2n_hom,predicted
Y640,1-2n_hom,predicted
Y641,1-2n_hom,predicted
Y642,1-2n_hom,predicted
Y643,1-2n_hom,predicted
Y644,1-2n_hom,predicted
Y645,1-2n_hom,predicted
Y646,1-2n_hom,predicted
Y647,1-2n_hom,predicted
Y648-TOC1355,1-2n_hom,predicted
Y649,1-2n_hom,predicted
Y650,1-2n_hom,predicted
Y651,1-2n_hom,predicted
Y652,1-2n_hom,predicted
Y8,1-2n_hom,predicted
Y9,1-2n_hom,predicted
Y9J,1-2n_hom,predicted
YA5,1-2n_hom,predicted
YA5-46A,2n_het,predicted
YA5-46D,1-2n_hom,predicted
YB10,2n_het,predicted
YB7,2n_het,predicted
YB8,2n_het,predicted
YE2,2n_het,predicted
YE3,2n_het,predicted
YH1,1-2n_hom,predicted
YH1-28A,1-2n_hom,predicted
YIIc17-E5,1-2n_hom,predicted
YJF153,1-2n_hom,predicted
YJM1094,2n_het,predicted
YJM1095,2n_het,predicted
YJM1096,3n,predicted
YJM1096-2,2n_het,predicted
YJM1097,2n_het,predicted
YJM1098,2n_het,predicted
YJM1099,2n_het,predicted
YJM1100,2n_het,predicted
YJM1101,2n_het,predicted
YJM1102,2n_het,predicted
YJM1103,4n,predicted
YJM1104,1-2n_hom,predicted
YJM1105,1-2n_hom,predicted
YJM1106,3n,predicted
YJM1107,2n_het,predicted
YJM1108,2n_het,predicted
YJM1109,4n,predicted
YJM1110,4n,predicted
YJM1111,2n_het,predicted
YJM1112,2n_het,predicted
YJM1113,4n,predicted
YJM1114,2n_het,predicted
YJM1115,1-2n_hom,predicted
YJM1116,2n_het,predicted
YJM1117,2n_het,predicted
YJM1118,4n,predicted
YJM1119,2n_het,predicted
YJM1120,4n,predicted
YJM1121,2n_het,predicted
YJM1122,2n_het,predicted
YJM1124,2n_het,predicted
YJM1125,1-2n_hom,predicted
YJM1129,1-2n_hom,predicted
YJM1135,2n_het,predicted
YJM1138,1-2n_hom,predicted
YJM1139,2n_het,predicted
YJM1140,2n_het,predicted
YJM1141,1-2n_hom,predicted
YJM1142,3n,predicted
YJM1143,1-2n_hom,predicted
YJM1144,3n,predicted
YJM1145,2n_het,predicted
YJM1146,1-2n_hom,predicted
YJM1178,2n_het,predicted
YJM1259,1-2n_hom,predicted
YJM1289,1-2n_hom,predicted
YJM145,1-2n_hom,predicted
YJM223,2n_het,predicted
YJM263,4n,predicted
YJM264,1-2n_hom,predicted
YJM269,1-2n_hom,predicted
YJM269-2,1-2n_hom,predicted
YJM280,1-2n_hom,predicted
YJM280-2,1-2n_hom,predicted
YJM308,1-2n_hom,predicted
YJM320,1-2n_hom,predicted
YJM320-2,1-2n_hom,predicted
YJM326,2n_het,predicted
YJM326-2,1-2n_hom,predicted
YJM332,1-2n_hom,predicted
YJM339,1-2n_hom,predicted
YJM339-2,1-2n_hom,predicted
YJM413,1-2n_hom,predicted
YJM421,2n_het,predicted
YJM421-2,1-2n_hom,predicted
YJM428,1-2n_hom,predicted
YJM432,1-2n_hom,predicted
YJM434,2n_het,predicted
YJM435,4n,predicted
YJM436,2n_het,predicted
YJM436-2,2n_het,predicted
YJM439,2n_het,predicted
YJM440,1-2n_hom,predicted
YJM454,1-2n_hom,predicted
YJM454-2,1-2n_hom,predicted
YJM455,2n_het,predicted
YJM464,2n_het,predicted
YJM466,3n,predicted
YJM467,2n_het,predicted
YJM521,2n_het,predicted
YJM525,1-2n_hom,predicted
YJM560,2n_het,predicted
YJM561,4n,predicted
YJM627,2n_het,predicted
YJM634,2n_het,predicted
YJM653,2n_het,predicted
YJM669,2n_het,predicted
YJM670,2n_het,predicted
YJM671,2n_het,predicted
YJM672,1-2n_hom,predicted
YJM674,3n,predicted
YJM676,2n_het,predicted
YJM677,2n_het,predicted
YJM678,2n_het,predicted
YJM789,1-2n_hom,predicted
YJM810,1-2n_hom,predicted
YJM811,1-2n_hom,predicted
YJM813,4n,predicted
YJM815,3n,predicted
YJM816,3n,predicted
YJM936,4n,predicted
YJM945,1-2n_hom,predicted
YJM946,2n_het,predicted
YJM947,2n_het,predicted
YJM948,2n_het,predicted
YJM949,2n_het,predicted
YJM950,1-2n_hom,predicted
YJM951,1-2n_hom,predicted
YJM952,1-2n_hom,predicted
YJM953,1-2n_hom,predicted
YJM954,3n,predicted
YJM955,2n_het,predicted
YJM956,2n_het,predicted
YJM957,2n_het,predicted
YJM958,4n,predicted
YJM959,4n,predicted
YJM960,1-2n_hom,predicted
YJM961,3n,predicted
YJM962,4n,predicted
YJM963,2n_het,predicted
YJM964,2n_het,predicted
YJM965,2n_het,predicted
YJM966,3n,predicted
YJM967,2n_het,predicted
YJM975,1-2n_hom,predicted
YJM975-2,1-2n_hom,predicted
YJM978,1-2n_hom,predicted
YJM978-2,1-2n_hom,predicted
YJM981,1-2n_hom,predicted
YJM981-2,1-2n_hom,predicted
YJS4,2n_het,predicted
YJS5845-P11,2n_het,predicted
YM3.1,3n,predicted
YMD1834,2n_het,predicted
YMD1864,4n,predicted
YMD1865,4n,predicted
YMD1866,4n,predicted
YMD1867,1-2n_hom,predicted
YMD1868,4n,predicted
YMD1869,3n,predicted
YMD1870,4n,predicted
YMD1871,4n,predicted
YMD1872,4n,predicted
YMD1873,4n,predicted
YMD1875,4n,predicted
YMD1950,4n,predicted
YMD1952,4n,predicted
YMD1981,4n,predicted
YN1,1-2n_hom,predicted
YN2,1-2n_hom,predicted
YN3,1-2n_hom,predicted
YN4,1-2n_hom,predicted
YN5,1-2n_hom,predicted
YN6,1-2n_hom,predicted
YNN49,2n_het,predicted
YO1047-Y-12638-CBS2888,1-2n_hom,predicted
YO1112-HC12,1-2n_hom,predicted
YO1114-MC1-11,1-2n_hom,predicted
YO1128-YE1-1,1-2n_hom,predicted
YO1133-ETH2,3n,predicted
YO1164-Y-2189-UCD-FST,1-2n_hom,predicted
YO1201,3n,predicted
YO1225-NIC-12A,1-2n_hom,predicted
YO1348-GT2-3B,1-2n_hom,predicted
YO1480-RNKp,1-2n_hom,predicted
YO1487-Knp,1-2n_hom,predicted
YO1599-CO-SB4,1-2n_hom,predicted
YO1600-P-SI1,1-2n_hom,predicted
YO317,1-2n_hom,predicted
YO367,4n,predicted
YO374,2n_het,predicted
YO376,1-2n_hom,predicted
YO397,1-2n_hom,predicted
YO416,2n_het,predicted
YO419,2n_het,predicted
YO465,4n,predicted
YO466,1-2n_hom,predicted
YO468,1-2n_hom,predicted
YO645,2n_het,predicted
YO647,2n_het,predicted
YO648,1-2n_hom,predicted
YO649,1-2n_hom,predicted
YO670,2n_het,predicted
YO672,1-2n_hom,predicted
YO700,2n_het,predicted
YO705,1-2n_hom,predicted
YO707,4n,predicted
YO715,1-2n_hom,predicted
YO721,1-2n_hom,predicted
YO724,1-2n_hom,predicted
YO728,2n_het,predicted
YO730,1-2n_hom,predicted
YO732,1-2n_hom,predicted
YO734,1-2n_hom,predicted
YO769,1-2n_hom,predicted
YO770,2n_het,predicted
YO798,2n_het,predicted
YO807,4n,predicted
YO814,1-2n_hom,predicted
YO815,1-2n_hom,predicted
YO820,1-2n_hom,predicted
YO823,1-2n_hom,predicted
YO840,1-2n_hom,predicted
YO841,2n_het,predicted
YO849,1-2n_hom,predicted
YO870,2n_het,predicted
YO874,1-2n_hom,predicted
YP4-40D,2n_het,predicted
YPH499,1-2n_hom,predicted
YPS1000,1-2n_hom,predicted
YPS1000-2,1-2n_hom,predicted
YPS128,1-2n_hom,predicted
YPS128-2,1-2n_hom,predicted
YPS128-4,1-2n_hom,predicted
YPS128-5,1-2n_hom,predicted
YPS163,1-2n_hom,predicted
YPS163-3,1-2n_hom,predicted
YPS606,1-2n_hom,predicted
YPS606-2,1-2n_hom,predicted
YS2,1-2n_hom,predicted
YS2-2,2n_het,predicted
YS4,2n_het,predicted
YS9,2n_het,predicted
YS9-2,1-2n_hom,predicted
YS9-3,2n_het,predicted
YUC22,4n,predicted
YUC22-34C,2n_het,predicted
YUC22-34D,1-2n_hom,predicted
YUC5,1-2n_hom,predicted
YVPC7.6,2n_het,predicted
ZJ1,1-2n_hom,predicted
ZJ2,1-2n_hom,predicted
ZJH1,2n_het,predicted
ZJH2,1-2n_hom,predicted
ZJH3,1-2n_hom,predicted
ZJH4,1-2n_hom,predicted
ZJH5,1-2n_hom,predicted
ZJH6,2n_het,predicted
ZJH7,2n_het,predicted
ZJH8,1-2n_hom,predicted
ZJH9,1-2n_hom,predicted
ZP1008,1-2n_hom,predicted
ZP1041,1-2n_hom,predicted
ZP530,1-2n_hom,predicted
ZP541,1-2n_hom,predicted
ZP560,1-2n_hom,predicted
ZP561,1-2n_hom,predicted
ZP562,1-2n_hom,predicted
ZP563,1-2n_hom,predicted
ZP564,1-2n_hom,predicted
ZP565,1-2n_hom,predicted
ZP566,1-2n_hom,predicted
ZP567,1-2n_hom,predicted
ZP568,1-2n_hom,predicted
ZP570,1-2n_hom,predicted
ZP575,1-2n_hom,predicted
ZP577,1-2n_hom,predicted
ZP578,1-2n_hom,predicted
ZP579,1-2n_hom,predicted
ZP590,1-2n_hom,predicted
ZP633,1-2n_hom,predicted
ZP636,1-2n_hom,predicted
ZP641,1-2n_hom,predicted
ZP649,1-2n_hom,predicted
ZP650,1-2n_hom,predicted
ZP651,1-2n_hom,predicted
ZP652,1-2n_hom,predicted
ZP653,1-2n_hom,predicted
ZP654,1-2n_hom,predicted
ZP655,1-2n_hom,predicted
ZP656,1-2n_hom,predicted
ZP657,1-2n_hom,predicted
ZP658,1-2n_hom,predicted
ZP674,1-2n_hom,predicted
ZP675,1-2n_hom,predicted
ZP676,1-2n_hom,predicted
ZP677,1-2n_hom,predicted
ZP678,1-2n_hom,predicted
ZP680,1-2n_hom,predicted
ZP736,1-2n_hom,predicted
ZP742,1-2n_hom,predicted
ZP778,1-2n_hom,predicted
ZP779,1-2n_hom,predicted
ZP780,1-2n_hom,predicted
ZP781,1-2n_hom,predicted
ZP783,1-2n_hom,predicted
ZP784,1-2n_hom,predicted
ZP785,1-2n_hom,predicted
ZP786,1-2n_hom,predicted
ZP793,1-2n_hom,predicted
ZP794,1-2n_hom,predicted
ZP796,1-2n_hom,predicted
ZP812,1-2n_hom,predicted
ZP817,1-2n_hom,predicted
ZP823,1-2n_hom,predicted
ZP850,1-2n_hom,predicted
ZP851,1-2n_hom,predicted
ZP860,1-2n_hom,predicted
ZP861,1-2n_hom,predicted
ZP862,1-2n_hom,predicted
sample11-Ponton-14,2n_het,predicted
ultralev-1127,2n_het,predicted
yHAB174,2n_het,predicted
yHAB176,1-2n_hom,predicted
yHAB219,1-2n_hom,predicted
yHAB26,1-2n_hom,predicted
yHAB27,4n,predicted
yHAB284,1-2n_hom,predicted
yHAB30,1-2n_hom,predicted
yHAB33,1-2n_hom,predicted
yHAB35,1-2n_hom,predicted
yHAB39,1-2n_hom,predicted
yHAB40,1-2n_hom,predicted
yHAB41,1-2n_hom,predicted
yHAB42,1-2n_hom,predicted
yHAB43,1-2n_hom,predicted
yHAB48,1-2n_hom,predicted
yHAB49,2n_het,predicted
yHAB51,4n,predicted
yHAB52,1-2n_hom,predicted
yHAB581,1-2n_hom,predicted
yHAB582,1-2n_hom,predicted
yHAB583,1-2n_hom,predicted
yHAB584,1-2n_hom,predicted
yHAB586,2n_het,predicted
yHAB587,2n_het,predicted
yHAB588,1-2n_hom,predicted
yHAB590,1-2n_hom,predicted
yHAB591,2n_het,predicted
yHCT130,4n,predicted
yHDPN426,2n_het,predicted
yHKS338,2n_het,predicted
yHQL578,1-2n_hom,predicted
yHQL609,1-2n_hom,predicted
yHQL610,1-2n_hom,predicted
yHQL611,1-2n_hom,predicted
yHQL612,2n_het,predicted
yHQL613,1-2n_hom,predicted
yHQL614,1-2n_hom,predicted
yHQL615,1-2n_hom,predicted
yHQL622,2n_het,predicted
yHQL623,1-2n_hom,predicted
yHQL631,1-2n_hom,predicted
yHQL632,1-2n_hom,predicted
yHQL633,1-2n_hom,predicted
yHQL634,1-2n_hom,predicted
yHQL671,1-2n_hom,predicted
